SonnetID	joy	sadness	anger	fear	disgust
AgustinDeSalazarYTorres_1	1	1	0	1	0
AgustinDeSalazarYTorres_10	0	2	0	0	0
AgustinDeSalazarYTorres_11	2	1	0	1	0
AgustinDeSalazarYTorres_13	0	0	0	1	0
AgustinDeSalazarYTorres_14	1	0	0	0	0
AgustinDeSalazarYTorres_16	1	0	0	1	0
AgustinDeSalazarYTorres_17	1	0	0	0	0
AgustinDeSalazarYTorres_18	1	0	0	0	0
AgustinDeSalazarYTorres_19	3	0	0	0	0
AgustinDeSalazarYTorres_2	0	1	0	0	0
AgustinDeSalazarYTorres_22	1	0	0	0	0
AgustinDeSalazarYTorres_23	1	1	0	2	0
AgustinDeSalazarYTorres_25	0	3	0	1	0
AgustinDeSalazarYTorres_26	1	0	0	0	0
AgustinDeSalazarYTorres_27	3	1	0	1	0
AgustinDeSalazarYTorres_28	1	0	1	1	0
AgustinDeSalazarYTorres_29	1	0	0	0	0
AgustinDeSalazarYTorres_30	1	0	0	1	0
AgustinDeSalazarYTorres_5	1	1	0	1	0
AgustinDeSalazarYTorres_7	2	0	0	0	0
AgustinDeSalazarYTorres_8	0	2	0	1	0
AntonioEnriquezGomez_10	0	0	0	1	0
AntonioEnriquezGomez_11	1	0	0	0	0
AntonioEnriquezGomez_13	0	2	1	1	1
AntonioEnriquezGomez_15	2	0	0	0	0
AntonioEnriquezGomez_16	1	1	0	1	0
AntonioEnriquezGomez_17	3	0	0	0	0
AntonioEnriquezGomez_18	0	2	2	1	0
AntonioEnriquezGomez_21	0	1	0	1	0
AntonioEnriquezGomez_22	0	0	1	0	0
AntonioEnriquezGomez_23	2	0	0	0	0
AntonioEnriquezGomez_24	1	0	0	0	0
AntonioEnriquezGomez_25	1	1	0	1	0
AntonioEnriquezGomez_26	2	0	0	0	0
AntonioEnriquezGomez_27	1	0	0	0	0
AntonioEnriquezGomez_28	1	3	0	0	0
AntonioEnriquezGomez_29	2	1	0	0	0
AntonioEnriquezGomez_32	1	0	0	0	0
AntonioEnriquezGomez_33	2	0	0	0	0
AntonioEnriquezGomez_34	1	1	0	1	0
AntonioEnriquezGomez_35	3	0	0	0	0
AntonioEnriquezGomez_36	2	1	0	1	0
AntonioEnriquezGomez_38	0	1	1	0	0
AntonioEnriquezGomez_39	1	0	0	0	0
AntonioEnriquezGomez_4	2	0	0	0	0
AntonioEnriquezGomez_40	1	1	0	0	0
AntonioEnriquezGomez_5	1	0	0	0	0
AntonioEnriquezGomez_6	1	2	0	1	0
AntonioEnriquezGomez_7	1	0	0	0	0
AntonioEnriquezGomez_8	0	1	0	0	0
AntonioEnriquezGomez_9	1	0	0	0	0
AntonioHurtadoDeMendoza_10	1	1	1	1	0
AntonioHurtadoDeMendoza_11	1	0	1	0	0
AntonioHurtadoDeMendoza_13	1	0	0	0	0
AntonioHurtadoDeMendoza_2	0	1	0	0	0
AntonioHurtadoDeMendoza_3	1	0	0	0	0
AntonioHurtadoDeMendoza_4	0	0	0	1	0
AntonioHurtadoDeMendoza_5	2	0	0	0	0
AntonioHurtadoDeMendoza_6	1	3	0	0	0
AntonioHurtadoDeMendoza_8	0	1	0	0	0
AntonioHurtadoDeMendoza_9	2	0	1	1	0
ArgensolaBartolome_1	1	0	0	0	0
ArgensolaBartolome_10	0	1	1	0	0
ArgensolaBartolome_100	0	1	0	1	0
ArgensolaBartolome_107	1	0	0	0	0
ArgensolaBartolome_108	1	2	0	2	0
ArgensolaBartolome_11	1	0	0	0	0
ArgensolaBartolome_112	2	0	0	0	0
ArgensolaBartolome_116	1	1	0	1	0
ArgensolaBartolome_118	1	0	0	0	0
ArgensolaBartolome_120	1	0	0	0	0
ArgensolaBartolome_122	1	0	0	0	0
ArgensolaBartolome_128	2	1	1	0	1
ArgensolaBartolome_129	0	1	0	0	0
ArgensolaBartolome_13	1	0	0	0	0
ArgensolaBartolome_131	1	1	0	0	0
ArgensolaBartolome_132	2	0	0	0	0
ArgensolaBartolome_133	0	1	1	0	0
ArgensolaBartolome_134	0	1	0	0	0
ArgensolaBartolome_137	1	0	0	0	0
ArgensolaBartolome_138	2	1	0	0	0
ArgensolaBartolome_14	2	0	0	0	0
ArgensolaBartolome_141	2	0	0	0	0
ArgensolaBartolome_143	2	0	0	0	0
ArgensolaBartolome_149	1	1	0	0	0
ArgensolaBartolome_151	0	1	0	1	0
ArgensolaBartolome_156	1	0	0	0	0
ArgensolaBartolome_17	0	1	0	0	0
ArgensolaBartolome_18	1	0	0	0	0
ArgensolaBartolome_19	1	1	0	0	0
ArgensolaBartolome_20	1	0	1	0	0
ArgensolaBartolome_24	0	1	0	0	0
ArgensolaBartolome_25	1	1	1	0	0
ArgensolaBartolome_28	1	0	0	0	0
ArgensolaBartolome_30	0	0	0	1	0
ArgensolaBartolome_31	0	0	0	1	0
ArgensolaBartolome_34	1	0	0	0	0
ArgensolaBartolome_35	1	0	0	0	0
ArgensolaBartolome_36	1	0	0	0	0
ArgensolaBartolome_37	2	0	0	0	0
ArgensolaBartolome_38	2	0	0	0	0
ArgensolaBartolome_39	2	0	0	0	0
ArgensolaBartolome_40	2	0	0	0	0
ArgensolaBartolome_41	1	0	0	0	0
ArgensolaBartolome_42	1	0	0	0	0
ArgensolaBartolome_43	0	1	0	0	0
ArgensolaBartolome_44	1	0	0	0	0
ArgensolaBartolome_48	1	0	0	0	0
ArgensolaBartolome_49	0	2	0	0	0
ArgensolaBartolome_5	0	0	1	0	0
ArgensolaBartolome_50	0	0	1	0	0
ArgensolaBartolome_51	1	0	0	0	0
ArgensolaBartolome_53	1	1	1	0	0
ArgensolaBartolome_55	1	0	0	0	0
ArgensolaBartolome_58	1	0	0	0	0
ArgensolaBartolome_59	1	1	0	0	0
ArgensolaBartolome_60	0	1	0	0	0
ArgensolaBartolome_61	1	0	0	0	0
ArgensolaBartolome_63	1	0	0	0	0
ArgensolaBartolome_64	0	0	0	1	0
ArgensolaBartolome_66	1	1	0	1	0
ArgensolaBartolome_69	1	1	1	0	0
ArgensolaBartolome_7	2	0	0	0	0
ArgensolaBartolome_71	1	0	0	0	0
ArgensolaBartolome_72	1	0	1	0	0
ArgensolaBartolome_73	2	0	0	0	0
ArgensolaBartolome_74	0	1	0	0	0
ArgensolaBartolome_75	1	0	0	0	0
ArgensolaBartolome_76	1	1	0	1	0
ArgensolaBartolome_77	2	0	0	0	0
ArgensolaBartolome_79	0	1	0	0	0
ArgensolaBartolome_81	1	0	0	0	0
ArgensolaBartolome_82	0	1	0	0	0
ArgensolaBartolome_83	3	0	0	0	0
ArgensolaBartolome_84	0	0	1	1	0
ArgensolaBartolome_86	0	0	1	0	0
ArgensolaBartolome_88	1	0	0	0	0
ArgensolaBartolome_9	0	2	0	1	0
ArgensolaBartolome_92	2	0	0	0	0
ArgensolaBartolome_93	0	2	0	1	0
ArgensolaBartolome_97	1	0	0	0	0
ArgensolaBartolome_98	0	1	0	0	0
ArgensolaBartolome_99	1	1	0	0	0
ArgensolaLupercio_1	0	1	0	0	0
ArgensolaLupercio_12	1	1	0	1	0
ArgensolaLupercio_13	1	0	0	0	0
ArgensolaLupercio_14	0	1	0	1	0
ArgensolaLupercio_17	1	0	0	0	0
ArgensolaLupercio_18	0	1	0	0	0
ArgensolaLupercio_19	0	1	0	0	0
ArgensolaLupercio_2	2	0	0	0	0
ArgensolaLupercio_21	0	1	0	0	0
ArgensolaLupercio_23	0	1	1	1	0
ArgensolaLupercio_25	1	0	0	0	0
ArgensolaLupercio_26	1	0	0	0	0
ArgensolaLupercio_28	1	0	0	0	0
ArgensolaLupercio_29	1	0	0	0	0
ArgensolaLupercio_3	0	0	1	0	0
ArgensolaLupercio_30	2	1	0	1	0
ArgensolaLupercio_32	1	0	0	0	0
ArgensolaLupercio_33	0	1	0	0	0
ArgensolaLupercio_34	0	1	0	0	0
ArgensolaLupercio_35	2	0	0	0	0
ArgensolaLupercio_36	0	1	0	1	0
ArgensolaLupercio_37	2	0	0	0	0
ArgensolaLupercio_38	0	0	1	0	0
ArgensolaLupercio_39	1	0	0	0	0
ArgensolaLupercio_4	1	0	0	0	0
ArgensolaLupercio_40	1	0	0	0	0
ArgensolaLupercio_44	0	1	0	1	0
ArgensolaLupercio_47	1	0	0	0	0
ArgensolaLupercio_5	1	0	0	0	0
ArgensolaLupercio_50	0	1	0	0	0
ArgensolaLupercio_53	0	0	0	1	0
ArgensolaLupercio_55	1	0	0	0	0
ArgensolaLupercio_57	0	1	0	1	0
ArgensolaLupercio_59	1	1	0	1	0
ArgensolaLupercio_60	1	1	0	1	0
ArgensolaLupercio_7	1	0	0	0	0
ArgensolaLupercio_9	1	0	0	0	0
BaltasarDeAlcazar_1	1	0	0	0	0
BaltasarDeAlcazar_11	1	0	0	0	0
BaltasarDeAlcazar_12	1	0	0	0	0
BaltasarDeAlcazar_18	0	1	0	0	0
BaltasarDeAlcazar_2	0	1	1	1	0
BaltasarDeAlcazar_3	1	0	0	0	0
BaltasarDeAlcazar_5	1	0	0	0	0
BaltasarDeAlcazar_6	0	0	1	0	0
BaltasarDeAlcazar_7	1	0	0	1	0
BernardinoDeRebolledo_1	1	0	0	0	0
BernardinoDeRebolledo_10	1	1	1	1	0
BernardinoDeRebolledo_11	1	0	0	0	0
BernardinoDeRebolledo_12	1	0	0	0	0
BernardinoDeRebolledo_15	0	1	0	0	0
BernardinoDeRebolledo_17	1	0	0	0	0
BernardinoDeRebolledo_18	1	0	0	0	0
BernardinoDeRebolledo_2	0	0	0	1	0
BernardinoDeRebolledo_20	1	0	0	0	0
BernardinoDeRebolledo_21	0	1	0	1	0
BernardinoDeRebolledo_22	0	1	0	0	0
BernardinoDeRebolledo_23	3	1	1	0	0
BernardinoDeRebolledo_24	0	1	1	0	0
BernardinoDeRebolledo_25	0	1	0	1	0
BernardinoDeRebolledo_26	0	1	0	0	0
BernardinoDeRebolledo_27	1	0	0	0	0
BernardinoDeRebolledo_28	0	1	0	0	0
BernardinoDeRebolledo_29	1	1	0	0	0
BernardinoDeRebolledo_34	1	0	0	0	0
BernardinoDeRebolledo_35	1	0	0	0	0
BernardinoDeRebolledo_37	2	0	0	0	0
BernardinoDeRebolledo_4	2	1	1	1	0
BernardinoDeRebolledo_41	1	1	0	0	0
BernardinoDeRebolledo_42	1	1	0	0	0
BernardinoDeRebolledo_46	0	0	1	1	0
BernardinoDeRebolledo_5	3	0	0	0	0
BernardinoDeRebolledo_50	1	0	0	0	0
BernardinoDeRebolledo_51	1	0	0	0	0
BernardinoDeRebolledo_53	3	0	0	0	0
BernardinoDeRebolledo_54	1	1	0	1	0
BernardinoDeRebolledo_6	2	0	0	0	0
BernardinoDeRebolledo_7	2	0	0	0	0
BernardinoDeRebolledo_9	1	0	0	0	0
BocangelYUnzueta_10	1	1	2	0	1
BocangelYUnzueta_11	1	1	0	0	0
BocangelYUnzueta_12	2	1	0	1	0
BocangelYUnzueta_13	1	0	0	0	1
BocangelYUnzueta_16	1	0	0	0	0
BocangelYUnzueta_17	2	0	0	0	0
BocangelYUnzueta_19	0	2	0	1	0
BocangelYUnzueta_2	1	0	0	0	0
BocangelYUnzueta_20	0	2	0	1	0
BocangelYUnzueta_21	1	0	0	0	0
BocangelYUnzueta_24	0	0	1	0	0
BocangelYUnzueta_25	0	1	0	0	0
BocangelYUnzueta_27	1	0	0	0	0
BocangelYUnzueta_28	2	1	0	0	0
BocangelYUnzueta_3	0	1	1	1	0
BocangelYUnzueta_30	1	0	0	0	0
BocangelYUnzueta_31	0	0	0	1	0
BocangelYUnzueta_34	1	0	0	0	0
BocangelYUnzueta_35	1	0	0	0	0
BocangelYUnzueta_36	0	0	2	1	0
BocangelYUnzueta_38	1	0	0	0	0
BocangelYUnzueta_39	0	0	1	1	0
BocangelYUnzueta_40	1	0	0	0	0
BocangelYUnzueta_41	0	1	0	0	0
BocangelYUnzueta_42	1	0	0	0	0
BocangelYUnzueta_43	1	0	0	0	0
BocangelYUnzueta_46	0	1	0	0	0
BocangelYUnzueta_47	0	1	0	0	0
BocangelYUnzueta_49	1	0	1	0	0
BocangelYUnzueta_5	0	0	1	0	0
BocangelYUnzueta_50	2	1	0	0	0
BocangelYUnzueta_52	0	0	0	1	0
BocangelYUnzueta_53	0	1	0	1	0
BocangelYUnzueta_54	0	1	0	2	0
BocangelYUnzueta_55	0	1	3	1	1
BocangelYUnzueta_56	1	0	0	0	0
BocangelYUnzueta_57	1	0	1	0	0
BocangelYUnzueta_58	1	0	0	1	0
BocangelYUnzueta_59	1	1	0	0	0
BocangelYUnzueta_60	1	0	0	0	0
BocangelYUnzueta_61	1	0	0	0	0
BocangelYUnzueta_64	1	0	1	1	0
BocangelYUnzueta_65	1	0	0	0	0
BocangelYUnzueta_66	1	1	0	0	0
BocangelYUnzueta_67	0	1	0	0	0
BocangelYUnzueta_68	1	0	0	0	0
BocangelYUnzueta_69	0	0	1	0	0
BocangelYUnzueta_70	1	0	0	0	0
BocangelYUnzueta_74	0	1	0	0	0
BocangelYUnzueta_77	0	1	0	0	0
BocangelYUnzueta_8	1	1	0	0	0
CancerYVelasco_1	2	1	0	1	0
CancerYVelasco_15	2	0	0	0	0
CancerYVelasco_16	1	0	0	0	0
CancerYVelasco_5	1	0	0	0	0
CancerYVelasco_6	0	1	0	0	0
CancerYVelasco_7	1	0	0	0	0
CancerYVelasco_9	1	0	0	0	0
Cervantes_10	1	0	0	0	0
Cervantes_12	2	0	0	0	0
Cervantes_13	1	0	0	0	0
Cervantes_14	0	1	0	1	0
Cervantes_16	1	0	0	0	0
Cervantes_17	1	0	0	0	0
Cervantes_18	2	1	0	1	0
Cervantes_2	0	1	0	1	0
Cervantes_21	2	0	0	0	0
Cervantes_22	0	2	1	1	1
Cervantes_24	1	0	0	0	0
Cervantes_26	1	0	0	0	0
Cervantes_27	1	0	0	0	0
Cervantes_28	0	1	0	0	0
Cervantes_29	1	0	0	0	0
Cervantes_3	1	0	0	0	0
Cervantes_30	1	0	0	0	0
Cervantes_31	1	1	0	0	0
Cervantes_32	1	0	0	0	0
Cervantes_33	0	1	1	0	1
Cervantes_36	2	0	0	0	0
Cervantes_38	1	1	0	1	0
Cervantes_46	1	0	0	0	0
Cervantes_48	1	0	0	0	0
Cervantes_52	0	1	0	1	0
Cervantes_53	1	0	0	0	0
Cervantes_54	2	0	0	0	0
Cervantes_55	1	0	0	0	0
Cervantes_56	3	0	0	0	0
Cervantes_58	1	2	1	2	0
Cervantes_59	1	0	0	0	0
Cervantes_6	1	0	0	0	0
Cervantes_60	0	1	0	0	0
Cervantes_68	1	0	0	0	0
Cervantes_69	1	0	0	0	0
Cervantes_70	1	0	1	0	0
Cervantes_71	1	0	0	0	0
Cervantes_73	1	0	0	1	0
Cervantes_75	2	0	0	1	0
CristobalDeVirues_1	1	0	0	0	0
CristobalDeVirues_10	0	1	1	0	1
CristobalDeVirues_2	1	1	1	1	0
CristobalDeVirues_4	1	0	0	0	0
CristobalDeVirues_5	0	1	0	1	0
CristobalDeVirues_6	1	0	0	0	0
CristobalDeVirues_7	2	0	0	0	0
CristobalDeVirues_8	1	0	0	0	0
DiegoHurtadoDeMendoza_1	1	2	1	1	0
DiegoHurtadoDeMendoza_10	0	0	1	0	0
DiegoHurtadoDeMendoza_11	0	1	0	0	0
DiegoHurtadoDeMendoza_12	1	0	0	0	0
DiegoHurtadoDeMendoza_17	1	1	0	0	0
DiegoHurtadoDeMendoza_19	0	1	0	0	0
DiegoHurtadoDeMendoza_2	0	1	1	1	0
DiegoHurtadoDeMendoza_20	1	0	0	0	0
DiegoHurtadoDeMendoza_22	1	2	0	0	0
DiegoHurtadoDeMendoza_23	0	0	1	0	0
DiegoHurtadoDeMendoza_24	2	0	0	0	0
DiegoHurtadoDeMendoza_26	1	0	0	0	0
DiegoHurtadoDeMendoza_27	2	1	0	1	0
DiegoHurtadoDeMendoza_30	3	0	0	0	0
DiegoHurtadoDeMendoza_31	1	0	0	0	0
DiegoHurtadoDeMendoza_33	1	1	0	0	0
DiegoHurtadoDeMendoza_34	0	0	0	1	0
DiegoHurtadoDeMendoza_35	1	1	0	1	0
DiegoHurtadoDeMendoza_38	1	1	0	1	0
DiegoHurtadoDeMendoza_39	0	1	0	1	0
DiegoHurtadoDeMendoza_4	0	1	0	0	0
DiegoHurtadoDeMendoza_40	1	1	0	1	0
DiegoHurtadoDeMendoza_41	0	1	0	0	0
DiegoHurtadoDeMendoza_42	1	3	0	2	0
DiegoHurtadoDeMendoza_43	1	0	1	0	0
DiegoHurtadoDeMendoza_44	1	1	0	1	0
DiegoHurtadoDeMendoza_45	0	1	0	1	0
DiegoHurtadoDeMendoza_46	1	0	0	0	0
DiegoHurtadoDeMendoza_49	1	1	0	0	0
DiegoHurtadoDeMendoza_5	0	2	1	1	1
DiegoHurtadoDeMendoza_53	1	0	0	0	0
DiegoHurtadoDeMendoza_54	0	0	1	0	0
DiegoHurtadoDeMendoza_56	0	1	0	1	0
DiegoHurtadoDeMendoza_57	0	1	1	0	1
DiegoHurtadoDeMendoza_58	1	1	0	0	0
DiegoHurtadoDeMendoza_60	1	0	0	0	0
DiegoHurtadoDeMendoza_7	1	1	1	1	0
DiegoHurtadoDeMendoza_8	1	1	0	0	0
DiegoRamirezPagan_10	3	0	1	0	0
DiegoRamirezPagan_11	0	1	0	1	0
DiegoRamirezPagan_3	1	0	0	0	0
DiegoRamirezPagan_4	1	0	0	0	0
DiegoRamirezPagan_5	1	0	0	0	0
DiegoRamirezPagan_6	1	1	0	1	0
DiegoRamirezPagan_7	2	0	0	0	0
DiegoRamirezPagan_9	2	0	0	0	0
DiegoXimenezAyllon_12	1	1	0	1	0
DiegoXimenezAyllon_13	1	0	0	0	0
DiegoXimenezAyllon_14	1	0	1	0	0
DiegoXimenezAyllon_15	1	0	0	0	0
DiegoXimenezAyllon_16	2	1	0	1	0
DiegoXimenezAyllon_17	3	0	0	0	0
DiegoXimenezAyllon_19	2	0	0	0	0
DiegoXimenezAyllon_21	1	0	0	0	0
DiegoXimenezAyllon_22	1	0	0	0	0
DiegoXimenezAyllon_23	3	0	0	0	0
DiegoXimenezAyllon_24	2	0	0	0	0
DiegoXimenezAyllon_25	1	0	0	0	0
DiegoXimenezAyllon_26	3	0	0	0	0
DiegoXimenezAyllon_28	0	0	0	1	0
DiegoXimenezAyllon_29	1	0	0	0	0
DiegoXimenezAyllon_31	4	1	0	1	0
DiegoXimenezAyllon_32	1	0	0	0	0
DiegoXimenezAyllon_33	2	0	0	0	0
DiegoXimenezAyllon_36	2	0	0	0	0
DiegoXimenezAyllon_39	1	0	0	0	0
DiegoXimenezAyllon_41	2	0	0	0	0
DiegoXimenezAyllon_42	2	0	1	0	0
DiegoXimenezAyllon_45	2	0	0	0	0
DiegoXimenezAyllon_46	1	1	0	1	0
DiegoXimenezAyllon_47	0	0	1	0	0
DiegoXimenezAyllon_49	2	0	0	0	0
DiegoXimenezAyllon_5	1	0	0	0	0
DiegoXimenezAyllon_50	1	0	0	0	0
DiegoXimenezAyllon_53	1	0	0	0	0
DiegoXimenezAyllon_54	2	0	0	0	0
DiegoXimenezAyllon_55	0	1	0	1	0
EstebanManuelDeVillegas_2	2	0	0	0	0
EstebanManuelDeVillegas_3	1	1	0	1	0
EstebanManuelDeVillegas_4	1	0	0	0	0
EstebanManuelDeVillegas_5	1	0	0	0	0
EstebanManuelDeVillegas_6	2	0	0	0	0
EstebanManuelDeVillegas_7	0	1	0	1	0
FcodeBorjaYAragonPrincipeEsquilache_100	0	1	0	0	0
FcodeBorjaYAragonPrincipeEsquilache_101	1	0	0	0	0
FcodeBorjaYAragonPrincipeEsquilache_102	1	1	0	1	0
FcodeBorjaYAragonPrincipeEsquilache_104	1	0	0	0	0
FcodeBorjaYAragonPrincipeEsquilache_105	2	1	0	0	0
FcodeBorjaYAragonPrincipeEsquilache_108	1	0	0	0	0
FcodeBorjaYAragonPrincipeEsquilache_11	0	1	0	0	0
FcodeBorjaYAragonPrincipeEsquilache_112	3	0	0	0	0
FcodeBorjaYAragonPrincipeEsquilache_113	0	1	1	0	0
FcodeBorjaYAragonPrincipeEsquilache_115	2	0	0	0	0
FcodeBorjaYAragonPrincipeEsquilache_116	1	1	0	1	0
FcodeBorjaYAragonPrincipeEsquilache_118	1	1	0	1	0
FcodeBorjaYAragonPrincipeEsquilache_119	0	0	1	0	0
FcodeBorjaYAragonPrincipeEsquilache_12	1	2	0	1	0
FcodeBorjaYAragonPrincipeEsquilache_120	1	0	0	0	0
FcodeBorjaYAragonPrincipeEsquilache_121	2	0	0	0	0
FcodeBorjaYAragonPrincipeEsquilache_122	3	0	0	0	0
FcodeBorjaYAragonPrincipeEsquilache_125	1	1	0	0	0
FcodeBorjaYAragonPrincipeEsquilache_126	2	0	0	0	0
FcodeBorjaYAragonPrincipeEsquilache_127	0	2	0	1	0
FcodeBorjaYAragonPrincipeEsquilache_129	1	0	0	0	0
FcodeBorjaYAragonPrincipeEsquilache_130	1	0	0	0	0
FcodeBorjaYAragonPrincipeEsquilache_131	0	1	0	0	0
FcodeBorjaYAragonPrincipeEsquilache_132	3	0	0	0	0
FcodeBorjaYAragonPrincipeEsquilache_134	1	0	0	0	0
FcodeBorjaYAragonPrincipeEsquilache_135	1	0	0	0	0
FcodeBorjaYAragonPrincipeEsquilache_136	1	0	0	0	0
FcodeBorjaYAragonPrincipeEsquilache_138	1	0	0	0	0
FcodeBorjaYAragonPrincipeEsquilache_139	1	1	0	0	0
FcodeBorjaYAragonPrincipeEsquilache_14	1	0	0	0	0
FcodeBorjaYAragonPrincipeEsquilache_140	2	1	0	0	0
FcodeBorjaYAragonPrincipeEsquilache_141	2	0	0	0	0
FcodeBorjaYAragonPrincipeEsquilache_16	0	2	1	1	1
FcodeBorjaYAragonPrincipeEsquilache_18	0	1	0	0	0
FcodeBorjaYAragonPrincipeEsquilache_19	0	0	1	1	0
FcodeBorjaYAragonPrincipeEsquilache_2	1	1	0	0	0
FcodeBorjaYAragonPrincipeEsquilache_21	0	1	0	0	0
FcodeBorjaYAragonPrincipeEsquilache_23	0	2	0	1	0
FcodeBorjaYAragonPrincipeEsquilache_24	1	0	0	0	0
FcodeBorjaYAragonPrincipeEsquilache_27	1	0	0	0	0
FcodeBorjaYAragonPrincipeEsquilache_28	1	1	0	1	0
FcodeBorjaYAragonPrincipeEsquilache_29	1	1	1	1	0
FcodeBorjaYAragonPrincipeEsquilache_3	1	0	0	0	0
FcodeBorjaYAragonPrincipeEsquilache_33	0	0	1	0	0
FcodeBorjaYAragonPrincipeEsquilache_35	1	0	0	0	0
FcodeBorjaYAragonPrincipeEsquilache_4	2	1	0	0	0
FcodeBorjaYAragonPrincipeEsquilache_40	1	0	0	1	0
FcodeBorjaYAragonPrincipeEsquilache_41	2	0	0	0	0
FcodeBorjaYAragonPrincipeEsquilache_42	1	0	0	0	0
FcodeBorjaYAragonPrincipeEsquilache_43	1	0	0	0	0
FcodeBorjaYAragonPrincipeEsquilache_45	1	0	0	0	0
FcodeBorjaYAragonPrincipeEsquilache_46	3	0	0	0	0
FcodeBorjaYAragonPrincipeEsquilache_47	2	2	0	0	0
FcodeBorjaYAragonPrincipeEsquilache_49	1	0	0	0	0
FcodeBorjaYAragonPrincipeEsquilache_5	1	0	0	0	0
FcodeBorjaYAragonPrincipeEsquilache_50	1	0	0	0	0
FcodeBorjaYAragonPrincipeEsquilache_53	1	0	0	0	0
FcodeBorjaYAragonPrincipeEsquilache_54	3	0	0	0	0
FcodeBorjaYAragonPrincipeEsquilache_56	1	0	0	0	0
FcodeBorjaYAragonPrincipeEsquilache_57	1	0	0	0	1
FcodeBorjaYAragonPrincipeEsquilache_58	2	0	0	0	0
FcodeBorjaYAragonPrincipeEsquilache_59	2	0	0	0	0
FcodeBorjaYAragonPrincipeEsquilache_6	2	0	0	0	0
FcodeBorjaYAragonPrincipeEsquilache_61	0	1	0	0	0
FcodeBorjaYAragonPrincipeEsquilache_63	0	0	2	0	0
FcodeBorjaYAragonPrincipeEsquilache_64	1	0	0	0	0
FcodeBorjaYAragonPrincipeEsquilache_65	1	0	1	0	0
FcodeBorjaYAragonPrincipeEsquilache_66	1	0	0	0	0
FcodeBorjaYAragonPrincipeEsquilache_68	0	3	0	2	0
FcodeBorjaYAragonPrincipeEsquilache_69	1	0	0	0	0
FcodeBorjaYAragonPrincipeEsquilache_7	0	1	0	1	0
FcodeBorjaYAragonPrincipeEsquilache_71	1	0	0	0	0
FcodeBorjaYAragonPrincipeEsquilache_73	2	0	0	0	0
FcodeBorjaYAragonPrincipeEsquilache_74	0	2	0	1	0
FcodeBorjaYAragonPrincipeEsquilache_75	1	1	0	1	0
FcodeBorjaYAragonPrincipeEsquilache_76	1	0	0	0	0
FcodeBorjaYAragonPrincipeEsquilache_77	2	0	0	0	0
FcodeBorjaYAragonPrincipeEsquilache_78	1	0	0	0	0
FcodeBorjaYAragonPrincipeEsquilache_8	1	0	0	0	0
FcodeBorjaYAragonPrincipeEsquilache_81	1	1	0	0	0
FcodeBorjaYAragonPrincipeEsquilache_82	0	1	0	1	0
FcodeBorjaYAragonPrincipeEsquilache_84	2	0	0	0	0
FcodeBorjaYAragonPrincipeEsquilache_85	1	1	1	0	1
FcodeBorjaYAragonPrincipeEsquilache_86	1	1	1	0	1
FcodeBorjaYAragonPrincipeEsquilache_87	1	1	0	0	0
FcodeBorjaYAragonPrincipeEsquilache_89	1	1	0	0	0
FcodeBorjaYAragonPrincipeEsquilache_91	1	0	0	0	0
FcodeBorjaYAragonPrincipeEsquilache_92	2	1	0	1	0
FcodeBorjaYAragonPrincipeEsquilache_93	1	0	0	0	0
FcodeBorjaYAragonPrincipeEsquilache_94	1	1	0	1	0
FcodeBorjaYAragonPrincipeEsquilache_95	1	1	0	0	0
FcodeBorjaYAragonPrincipeEsquilache_97	3	0	0	0	0
FcodeBorjaYAragonPrincipeEsquilache_98	0	1	0	1	0
FcodeBorjaYAragonPrincipeEsquilache_99	2	0	0	0	0
FernandoDeHerrera_10	0	1	0	1	0
FernandoDeHerrera_100	1	0	0	0	0
FernandoDeHerrera_105	0	1	0	1	0
FernandoDeHerrera_106	2	0	0	0	0
FernandoDeHerrera_107	1	0	0	0	0
FernandoDeHerrera_108	1	1	1	0	0
FernandoDeHerrera_109	1	0	0	0	0
FernandoDeHerrera_11	1	1	0	1	0
FernandoDeHerrera_110	1	0	0	0	0
FernandoDeHerrera_111	1	0	0	0	0
FernandoDeHerrera_113	2	0	0	0	0
FernandoDeHerrera_114	1	0	0	0	0
FernandoDeHerrera_115	0	1	0	0	0
FernandoDeHerrera_117	1	0	0	0	0
FernandoDeHerrera_118	1	0	0	0	0
FernandoDeHerrera_12	2	0	0	0	0
FernandoDeHerrera_122	1	0	0	0	0
FernandoDeHerrera_126	2	0	0	0	0
FernandoDeHerrera_128	1	0	0	0	0
FernandoDeHerrera_13	0	1	0	1	0
FernandoDeHerrera_135	0	1	0	0	0
FernandoDeHerrera_136	2	0	0	0	0
FernandoDeHerrera_137	1	0	0	0	0
FernandoDeHerrera_140	1	0	0	0	0
FernandoDeHerrera_142	1	0	0	0	0
FernandoDeHerrera_146	0	0	0	1	0
FernandoDeHerrera_147	0	1	0	1	0
FernandoDeHerrera_149	0	1	0	0	0
FernandoDeHerrera_152	2	0	0	0	0
FernandoDeHerrera_155	2	0	0	0	0
FernandoDeHerrera_156	1	1	0	1	0
FernandoDeHerrera_159	1	0	0	0	0
FernandoDeHerrera_161	1	0	0	0	0
FernandoDeHerrera_162	1	0	0	0	0
FernandoDeHerrera_163	0	1	0	1	0
FernandoDeHerrera_169	1	1	0	1	0
FernandoDeHerrera_17	2	0	0	0	0
FernandoDeHerrera_170	1	1	0	0	0
FernandoDeHerrera_171	2	0	0	0	0
FernandoDeHerrera_172	2	0	0	0	0
FernandoDeHerrera_173	1	0	0	0	0
FernandoDeHerrera_174	1	0	0	0	0
FernandoDeHerrera_177	0	1	0	0	0
FernandoDeHerrera_179	1	1	0	0	0
FernandoDeHerrera_181	2	0	0	0	0
FernandoDeHerrera_184	1	0	0	0	0
FernandoDeHerrera_185	0	1	0	1	0
FernandoDeHerrera_187	1	0	1	0	0
FernandoDeHerrera_188	1	1	0	0	0
FernandoDeHerrera_189	3	0	0	0	0
FernandoDeHerrera_190	1	0	0	0	0
FernandoDeHerrera_192	1	0	0	0	0
FernandoDeHerrera_194	1	0	0	0	0
FernandoDeHerrera_197	2	0	0	0	0
FernandoDeHerrera_199	1	0	0	0	0
FernandoDeHerrera_200	1	0	0	0	0
FernandoDeHerrera_203	0	1	0	1	0
FernandoDeHerrera_204	2	0	0	0	0
FernandoDeHerrera_205	0	1	0	1	0
FernandoDeHerrera_206	1	1	0	0	0
FernandoDeHerrera_208	1	0	0	0	0
FernandoDeHerrera_21	1	2	0	2	0
FernandoDeHerrera_211	1	0	0	0	0
FernandoDeHerrera_212	1	0	0	0	0
FernandoDeHerrera_213	0	1	0	1	0
FernandoDeHerrera_214	0	1	0	0	0
FernandoDeHerrera_215	2	0	0	0	0
FernandoDeHerrera_217	1	0	0	0	0
FernandoDeHerrera_219	1	0	0	0	0
FernandoDeHerrera_22	1	0	0	0	0
FernandoDeHerrera_221	1	0	0	0	0
FernandoDeHerrera_222	1	0	0	0	0
FernandoDeHerrera_223	1	0	0	0	0
FernandoDeHerrera_226	3	0	0	0	0
FernandoDeHerrera_229	2	0	0	0	0
FernandoDeHerrera_231	1	0	0	0	0
FernandoDeHerrera_232	3	0	0	0	0
FernandoDeHerrera_233	1	0	0	0	0
FernandoDeHerrera_234	1	0	0	0	0
FernandoDeHerrera_235	1	1	0	0	0
FernandoDeHerrera_236	3	0	0	0	0
FernandoDeHerrera_237	1	0	0	0	0
FernandoDeHerrera_24	0	1	0	1	0
FernandoDeHerrera_244	1	0	0	0	0
FernandoDeHerrera_245	0	1	0	1	0
FernandoDeHerrera_246	0	1	0	0	0
FernandoDeHerrera_248	1	0	0	0	0
FernandoDeHerrera_250	2	0	0	0	0
FernandoDeHerrera_251	2	0	0	0	0
FernandoDeHerrera_254	1	0	0	0	0
FernandoDeHerrera_255	3	0	0	0	0
FernandoDeHerrera_259	1	0	0	0	0
FernandoDeHerrera_263	1	0	0	0	0
FernandoDeHerrera_264	1	0	0	0	0
FernandoDeHerrera_269	0	2	0	0	0
FernandoDeHerrera_274	1	0	0	0	0
FernandoDeHerrera_277	1	0	0	0	0
FernandoDeHerrera_28	1	1	0	0	0
FernandoDeHerrera_281	1	0	0	0	0
FernandoDeHerrera_284	1	1	0	1	0
FernandoDeHerrera_285	2	0	0	0	0
FernandoDeHerrera_289	0	0	1	1	0
FernandoDeHerrera_291	1	0	0	0	0
FernandoDeHerrera_293	2	0	0	0	0
FernandoDeHerrera_297	0	0	0	1	0
FernandoDeHerrera_298	0	1	0	0	0
FernandoDeHerrera_299	4	0	0	0	0
FernandoDeHerrera_303	1	0	0	0	0
FernandoDeHerrera_304	1	0	0	0	0
FernandoDeHerrera_305	1	1	1	1	1
FernandoDeHerrera_307	0	1	0	1	0
FernandoDeHerrera_309	1	1	1	1	1
FernandoDeHerrera_312	1	0	0	0	0
FernandoDeHerrera_313	0	1	0	1	0
FernandoDeHerrera_317	0	1	0	0	0
FernandoDeHerrera_32	1	0	0	0	0
FernandoDeHerrera_33	1	0	0	0	0
FernandoDeHerrera_34	0	0	1	0	0
FernandoDeHerrera_36	1	0	0	0	0
FernandoDeHerrera_37	1	0	0	0	0
FernandoDeHerrera_42	0	1	0	0	0
FernandoDeHerrera_44	2	1	0	1	0
FernandoDeHerrera_45	1	0	0	0	0
FernandoDeHerrera_48	1	0	0	0	0
FernandoDeHerrera_49	0	1	0	1	0
FernandoDeHerrera_5	2	0	0	0	0
FernandoDeHerrera_50	1	0	0	0	0
FernandoDeHerrera_53	1	0	0	0	0
FernandoDeHerrera_55	2	0	0	0	0
FernandoDeHerrera_6	0	1	0	0	0
FernandoDeHerrera_60	0	0	0	1	0
FernandoDeHerrera_61	1	0	0	0	0
FernandoDeHerrera_63	1	0	0	0	0
FernandoDeHerrera_64	1	0	0	0	0
FernandoDeHerrera_65	1	0	0	0	0
FernandoDeHerrera_67	4	0	0	0	0
FernandoDeHerrera_68	0	1	0	0	0
FernandoDeHerrera_69	2	0	0	1	0
FernandoDeHerrera_71	1	0	0	0	0
FernandoDeHerrera_73	2	0	0	0	0
FernandoDeHerrera_74	0	1	0	1	0
FernandoDeHerrera_76	0	1	0	1	0
FernandoDeHerrera_8	2	0	0	0	0
FernandoDeHerrera_80	1	1	0	1	0
FernandoDeHerrera_82	1	0	0	0	0
FernandoDeHerrera_83	1	0	0	0	0
FernandoDeHerrera_86	1	0	0	0	0
FernandoDeHerrera_89	2	0	0	0	0
FernandoDeHerrera_96	0	2	0	2	0
FernandoDeHerrera_97	1	0	0	0	0
FernandoDeHerrera_98	0	1	0	1	0
FranciscoDeAldana_10	1	0	0	0	0
FranciscoDeAldana_11	1	0	0	0	0
FranciscoDeAldana_12	1	0	0	0	0
FranciscoDeAldana_13	1	0	0	0	0
FranciscoDeAldana_14	1	0	0	0	0
FranciscoDeAldana_15	1	1	1	1	0
FranciscoDeAldana_17	1	0	0	0	0
FranciscoDeAldana_18	1	0	0	0	0
FranciscoDeAldana_19	1	0	0	0	0
FranciscoDeAldana_2	1	1	0	0	0
FranciscoDeAldana_20	2	0	0	0	0
FranciscoDeAldana_21	2	0	0	0	0
FranciscoDeAldana_23	1	0	0	0	0
FranciscoDeAldana_24	1	0	0	0	0
FranciscoDeAldana_25	1	0	0	0	0
FranciscoDeAldana_26	1	0	0	0	0
FranciscoDeAldana_27	0	1	0	0	0
FranciscoDeAldana_29	0	1	0	1	0
FranciscoDeAldana_30	0	1	0	0	0
FranciscoDeAldana_32	1	0	0	0	0
FranciscoDeAldana_33	1	0	0	0	0
FranciscoDeAldana_34	1	1	0	0	0
FranciscoDeAldana_36	1	0	1	0	0
FranciscoDeAldana_38	0	1	0	1	0
FranciscoDeAldana_39	0	2	0	0	0
FranciscoDeAldana_40	1	0	0	0	0
FranciscoDeAldana_41	1	0	0	0	0
FranciscoDeAldana_42	1	1	0	0	0
FranciscoDeAldana_5	1	0	1	0	0
FranciscoDeAldana_6	1	0	0	0	0
FranciscoDeFigueroa_10	1	1	0	1	0
FranciscoDeFigueroa_11	2	0	0	0	0
FranciscoDeFigueroa_13	1	0	0	0	0
FranciscoDeFigueroa_15	2	0	0	0	0
FranciscoDeFigueroa_17	0	1	0	1	0
FranciscoDeFigueroa_19	2	0	0	0	0
FranciscoDeFigueroa_2	0	0	1	1	1
FranciscoDeFigueroa_20	2	0	0	0	0
FranciscoDeFigueroa_4	1	1	0	0	0
FranciscoDeFigueroa_5	0	1	0	0	0
FranciscoDeFigueroa_7	0	2	0	2	0
FranciscoDeLaTorre_12	1	0	0	0	0
FranciscoDeLaTorre_16	1	0	0	0	0
FranciscoDeLaTorre_17	2	0	0	0	0
FranciscoDeLaTorre_18	1	2	0	0	0
FranciscoDeLaTorre_2	0	1	0	1	0
FranciscoDeLaTorre_20	1	0	0	0	0
FranciscoDeLaTorre_23	1	0	0	0	0
FranciscoDeLaTorre_24	1	1	0	0	0
FranciscoDeLaTorre_26	1	1	0	0	0
FranciscoDeLaTorre_28	1	2	0	1	0
FranciscoDeLaTorre_29	0	1	0	1	0
FranciscoDeLaTorre_31	2	0	0	0	0
FranciscoDeLaTorre_32	1	1	0	0	0
FranciscoDeLaTorre_34	0	0	1	0	0
FranciscoDeLaTorre_36	1	0	0	0	0
FranciscoDeLaTorre_38	1	0	0	0	0
FranciscoDeLaTorre_4	0	1	0	1	0
FranciscoDeLaTorre_41	1	1	0	1	0
FranciscoDeLaTorre_42	0	1	1	1	0
FranciscoDeLaTorre_43	1	0	0	0	0
FranciscoDeLaTorre_46	2	0	0	0	0
FranciscoDeLaTorre_50	0	2	0	1	0
FranciscoDeLaTorre_53	2	0	0	0	0
FranciscoDeLaTorre_54	1	1	0	0	0
FranciscoDeLaTorre_56	0	1	0	0	0
FranciscoDeLaTorre_58	0	0	1	0	0
FranciscoDeLaTorre_59	1	1	0	0	0
FranciscoDeLaTorre_6	1	0	0	0	0
FranciscoDeLaTorre_61	1	0	0	0	0
FranciscoDeLaTorre_63	1	0	2	0	0
FranciscoDeLaTorre_65	1	1	0	1	0
FranciscoDeLaTorre_68	1	0	0	0	0
FranciscoDeLaTorre_69	0	1	0	0	0
FranciscoDeLaTorre_7	1	0	0	0	0
FranciscoDeLaTorre_70	0	1	0	1	0
FranciscoDeLaTorre_71	1	1	0	0	0
FranciscoDeLaTorre_74	1	0	0	0	0
FranciscoDeLaTorre_75	2	1	0	1	0
FranciscoDeLaTorre_76	0	1	0	0	0
FranciscoDeLaTorre_77	1	1	0	0	0
FranciscoDeLaTorre_78	1	0	0	1	0
FranciscoDeLaTorre_9	2	0	0	0	0
FranciscoDeMedrano_1	1	0	0	0	0
FranciscoDeMedrano_10	1	0	0	0	0
FranciscoDeMedrano_11	1	0	0	0	0
FranciscoDeMedrano_15	2	0	0	0	0
FranciscoDeMedrano_16	0	0	1	0	0
FranciscoDeMedrano_19	0	1	0	1	0
FranciscoDeMedrano_2	1	0	0	0	0
FranciscoDeMedrano_21	2	0	0	0	0
FranciscoDeMedrano_22	2	1	0	0	0
FranciscoDeMedrano_23	1	0	0	0	0
FranciscoDeMedrano_24	1	0	0	0	0
FranciscoDeMedrano_25	2	0	0	0	0
FranciscoDeMedrano_26	1	0	0	0	0
FranciscoDeMedrano_28	1	1	0	0	0
FranciscoDeMedrano_29	1	0	2	2	2
FranciscoDeMedrano_3	2	0	0	0	0
FranciscoDeMedrano_30	1	0	0	0	0
FranciscoDeMedrano_31	1	0	0	0	0
FranciscoDeMedrano_32	1	0	0	0	0
FranciscoDeMedrano_33	1	0	0	0	0
FranciscoDeMedrano_35	1	0	0	0	0
FranciscoDeMedrano_36	1	0	0	0	0
FranciscoDeMedrano_4	1	1	0	0	0
FranciscoDeMedrano_41	1	0	0	0	0
FranciscoDeMedrano_45	1	0	0	0	0
FranciscoDeMedrano_49	1	0	0	1	0
FranciscoDeMedrano_50	2	0	0	0	0
FranciscoDeMedrano_7	1	0	1	0	0
FranciscoDeMedrano_8	1	1	1	0	0
FranciscoDeMedrano_9	2	0	0	0	0
FrayLuisDeLeon_2	2	0	0	0	0
FrayLuisDeLeon_4	0	1	0	0	0
FrayLuisDeLeon_5	2	0	0	0	0
FrayLuisDeLeon_6	1	0	0	0	0
FrayLuisDeLeon_8	1	1	0	1	0
GarcilasoDeLaVega_03	2	0	0	0	0
GarcilasoDeLaVega_04	1	0	0	0	0
GarcilasoDeLaVega_05	1	1	0	1	0
GarcilasoDeLaVega_06	1	0	0	0	0
GarcilasoDeLaVega_07	1	0	0	0	0
GarcilasoDeLaVega_08	1	0	0	0	0
GarcilasoDeLaVega_09	3	1	0	1	0
GarcilasoDeLaVega_10	2	0	0	0	0
GarcilasoDeLaVega_11	0	2	0	0	0
GarcilasoDeLaVega_13	1	1	0	0	0
GarcilasoDeLaVega_14	2	0	0	0	0
GarcilasoDeLaVega_16	1	0	0	0	0
GarcilasoDeLaVega_19	2	1	0	0	0
GarcilasoDeLaVega_21	1	0	0	0	0
GarcilasoDeLaVega_24	0	1	0	0	0
GarcilasoDeLaVega_25	1	1	0	0	0
GarcilasoDeLaVega_26	3	0	0	0	0
GarcilasoDeLaVega_27	2	0	0	0	0
GarcilasoDeLaVega_28	1	0	0	0	0
GarcilasoDeLaVega_29	1	2	1	3	0
GarcilasoDeLaVega_30	1	1	0	0	0
GarcilasoDeLaVega_31	1	0	0	0	0
GarcilasoDeLaVega_33	1	0	0	0	0
GarcilasoDeLaVega_34	0	1	0	0	0
GarcilasoDeLaVega_37	2	0	0	0	0
Gongora_1	2	0	0	0	0
Gongora_101	1	0	0	0	0
Gongora_103	1	0	0	0	0
Gongora_104	1	1	0	0	0
Gongora_105	1	1	0	0	0
Gongora_106	1	0	1	0	0
Gongora_109	0	0	1	0	0
Gongora_110	0	0	1	0	0
Gongora_112	1	0	0	0	0
Gongora_115	0	1	1	1	0
Gongora_13	1	0	0	0	0
Gongora_16	0	0	0	0	1
Gongora_18	3	0	0	0	0
Gongora_19	1	0	0	0	0
Gongora_2	2	0	1	0	0
Gongora_21	2	1	1	1	1
Gongora_22	1	0	1	0	0
Gongora_25	0	1	0	0	0
Gongora_26	0	2	0	0	0
Gongora_27	1	0	0	0	0
Gongora_28	1	0	0	0	0
Gongora_29	1	0	0	0	0
Gongora_3	1	0	0	0	0
Gongora_30	1	0	0	0	0
Gongora_32	1	0	0	0	0
Gongora_33	1	0	0	0	0
Gongora_34	1	0	0	0	0
Gongora_35	0	0	0	1	0
Gongora_36	0	0	1	0	0
Gongora_37	1	0	0	0	0
Gongora_38	1	0	0	0	0
Gongora_39	1	0	0	0	0
Gongora_42	1	0	0	0	0
Gongora_43	1	0	0	0	0
Gongora_44	1	0	0	0	0
Gongora_45	1	0	0	0	0
Gongora_48	1	0	0	0	0
Gongora_53	2	0	0	0	0
Gongora_54	2	0	1	0	0
Gongora_6	1	0	0	0	0
Gongora_61	2	1	0	1	0
Gongora_64	1	0	0	0	0
Gongora_66	2	0	0	0	0
Gongora_69	1	0	0	0	0
Gongora_7	0	1	1	1	0
Gongora_71	0	1	0	0	0
Gongora_72	1	1	0	0	0
Gongora_73	1	0	0	0	0
Gongora_74	1	0	0	0	0
Gongora_75	1	1	0	0	0
Gongora_76	1	0	0	0	0
Gongora_77	0	1	0	0	0
Gongora_78	2	0	0	1	0
Gongora_8	1	0	0	0	0
Gongora_81	1	0	0	0	0
Gongora_82	0	0	1	0	0
Gongora_83	0	0	0	0	1
Gongora_84	1	0	0	0	0
Gongora_85	0	1	0	0	0
Gongora_89	1	0	0	0	0
Gongora_90	1	0	0	0	0
Gongora_92	0	1	0	0	0
Gongora_93	0	1	1	0	0
Gongora_94	0	1	0	1	0
Gongora_98	2	0	0	0	0
Gongora_99	2	0	0	0	0
GregorioDeMatos_1	1	1	0	0	0
GregorioDeMatos_11	0	2	1	2	0
GregorioDeMatos_3	1	0	0	0	0
GregorioDeMatos_4	0	1	0	1	0
GregorioDeMatos_5	1	0	0	0	0
GregorioDeMatos_6	3	0	0	0	0
GregorioDeMatos_7	1	0	0	0	0
GregorioDeMatos_8	2	0	0	0	0
GregorioDeMatos_9	2	0	0	0	0
GutierreDeCetina_1	1	0	1	0	0
GutierreDeCetina_10	1	0	0	0	0
GutierreDeCetina_100	0	0	0	1	0
GutierreDeCetina_102	0	1	0	0	0
GutierreDeCetina_104	1	0	0	0	0
GutierreDeCetina_105	1	0	0	0	0
GutierreDeCetina_107	2	0	0	0	0
GutierreDeCetina_11	1	0	0	0	0
GutierreDeCetina_111	1	0	0	0	0
GutierreDeCetina_112	0	1	1	0	0
GutierreDeCetina_114	2	0	0	0	0
GutierreDeCetina_115	0	1	0	1	0
GutierreDeCetina_116	1	1	0	1	0
GutierreDeCetina_117	2	0	2	0	0
GutierreDeCetina_119	0	1	0	0	0
GutierreDeCetina_123	0	1	0	0	0
GutierreDeCetina_124	1	1	0	0	0
GutierreDeCetina_125	1	0	0	0	0
GutierreDeCetina_127	0	1	0	1	0
GutierreDeCetina_128	0	1	0	1	0
GutierreDeCetina_129	2	0	0	0	0
GutierreDeCetina_13	0	1	0	0	0
GutierreDeCetina_130	1	0	0	0	0
GutierreDeCetina_131	1	0	0	0	0
GutierreDeCetina_133	1	0	0	0	0
GutierreDeCetina_135	2	0	0	0	0
GutierreDeCetina_136	0	2	1	1	0
GutierreDeCetina_137	0	1	0	1	0
GutierreDeCetina_14	2	0	0	0	0
GutierreDeCetina_141	3	0	1	0	1
GutierreDeCetina_142	1	0	0	0	0
GutierreDeCetina_144	2	0	0	0	0
GutierreDeCetina_145	0	1	0	0	0
GutierreDeCetina_146	2	0	0	0	0
GutierreDeCetina_148	1	0	0	0	0
GutierreDeCetina_149	1	1	0	0	0
GutierreDeCetina_15	0	1	0	0	0
GutierreDeCetina_152	1	1	1	0	0
GutierreDeCetina_153	1	0	0	0	0
GutierreDeCetina_154	1	0	0	0	0
GutierreDeCetina_156	0	0	1	0	0
GutierreDeCetina_157	1	0	0	0	0
GutierreDeCetina_158	1	0	0	0	0
GutierreDeCetina_16	1	0	0	1	0
GutierreDeCetina_160	2	2	0	1	0
GutierreDeCetina_161	2	0	0	0	0
GutierreDeCetina_162	3	0	0	0	0
GutierreDeCetina_163	0	1	0	0	0
GutierreDeCetina_165	1	0	0	0	0
GutierreDeCetina_166	2	1	1	0	0
GutierreDeCetina_167	1	0	0	0	0
GutierreDeCetina_168	1	0	0	0	0
GutierreDeCetina_169	1	0	0	0	0
GutierreDeCetina_17	0	1	0	1	0
GutierreDeCetina_171	2	0	0	0	0
GutierreDeCetina_172	1	0	0	0	0
GutierreDeCetina_173	0	1	0	0	0
GutierreDeCetina_176	0	1	0	1	0
GutierreDeCetina_177	0	1	0	0	0
GutierreDeCetina_178	2	2	0	1	0
GutierreDeCetina_182	1	0	0	0	0
GutierreDeCetina_184	1	0	0	0	0
GutierreDeCetina_185	0	0	1	0	0
GutierreDeCetina_186	1	0	0	0	0
GutierreDeCetina_188	1	0	0	0	0
GutierreDeCetina_189	1	0	0	0	0
GutierreDeCetina_19	1	0	0	0	0
GutierreDeCetina_192	2	0	1	0	0
GutierreDeCetina_194	2	0	1	0	0
GutierreDeCetina_195	1	0	0	0	0
GutierreDeCetina_196	0	1	0	1	0
GutierreDeCetina_197	1	0	0	0	0
GutierreDeCetina_199	2	0	0	0	0
GutierreDeCetina_2	1	0	1	0	0
GutierreDeCetina_20	2	0	0	0	0
GutierreDeCetina_201	0	1	0	1	0
GutierreDeCetina_202	0	2	0	0	0
GutierreDeCetina_204	2	1	0	1	0
GutierreDeCetina_21	1	0	0	0	0
GutierreDeCetina_210	1	0	0	0	0
GutierreDeCetina_214	0	1	0	0	0
GutierreDeCetina_215	1	0	0	0	0
GutierreDeCetina_216	1	0	0	0	0
GutierreDeCetina_218	1	0	0	0	0
GutierreDeCetina_221	1	0	1	0	0
GutierreDeCetina_224	3	0	0	0	0
GutierreDeCetina_225	0	1	0	0	0
GutierreDeCetina_226	0	1	0	1	0
GutierreDeCetina_232	0	2	0	0	0
GutierreDeCetina_233	1	0	0	0	0
GutierreDeCetina_235	0	1	0	0	0
GutierreDeCetina_24	3	0	0	0	0
GutierreDeCetina_240	1	0	0	0	0
GutierreDeCetina_241	1	0	0	0	0
GutierreDeCetina_242	0	1	0	1	0
GutierreDeCetina_247	1	0	0	0	0
GutierreDeCetina_25	1	0	1	0	0
GutierreDeCetina_29	0	1	0	1	0
GutierreDeCetina_3	0	0	2	0	0
GutierreDeCetina_32	1	0	0	0	0
GutierreDeCetina_33	1	2	0	0	0
GutierreDeCetina_38	0	0	1	1	0
GutierreDeCetina_4	2	0	0	0	0
GutierreDeCetina_41	2	2	0	2	0
GutierreDeCetina_45	0	1	0	0	0
GutierreDeCetina_46	1	0	0	0	0
GutierreDeCetina_47	1	0	0	0	0
GutierreDeCetina_48	1	0	0	0	0
GutierreDeCetina_49	1	0	1	0	0
GutierreDeCetina_5	1	1	0	1	0
GutierreDeCetina_52	0	1	0	0	0
GutierreDeCetina_53	1	0	0	0	0
GutierreDeCetina_56	1	0	0	0	0
GutierreDeCetina_57	0	2	0	1	0
GutierreDeCetina_58	1	2	0	2	0
GutierreDeCetina_59	1	0	0	0	0
GutierreDeCetina_6	0	1	1	0	1
GutierreDeCetina_60	0	1	0	0	0
GutierreDeCetina_61	1	0	0	0	0
GutierreDeCetina_63	0	1	0	1	0
GutierreDeCetina_64	1	0	0	0	0
GutierreDeCetina_65	1	0	0	0	0
GutierreDeCetina_67	1	0	0	0	0
GutierreDeCetina_68	2	1	0	0	0
GutierreDeCetina_7	1	1	1	1	0
GutierreDeCetina_71	1	0	1	0	0
GutierreDeCetina_72	1	1	0	1	0
GutierreDeCetina_73	1	0	0	0	0
GutierreDeCetina_74	1	0	0	0	0
GutierreDeCetina_75	2	0	0	0	0
GutierreDeCetina_76	1	0	0	0	0
GutierreDeCetina_77	0	1	0	0	0
GutierreDeCetina_78	1	0	0	0	0
GutierreDeCetina_79	1	0	0	0	0
GutierreDeCetina_8	1	0	0	0	0
GutierreDeCetina_80	1	0	0	0	0
GutierreDeCetina_81	2	0	0	0	0
GutierreDeCetina_82	2	1	0	0	0
GutierreDeCetina_83	0	1	0	1	0
GutierreDeCetina_84	1	1	0	1	0
GutierreDeCetina_88	2	0	0	0	0
GutierreDeCetina_89	1	0	0	0	0
GutierreDeCetina_90	1	1	0	1	0
GutierreDeCetina_93	2	0	0	0	0
GutierreDeCetina_94	1	0	0	0	0
GutierreDeCetina_95	0	1	1	1	0
GutierreDeCetina_98	2	0	0	0	0
HernandodeAcunya_1	1	0	0	0	0
HernandodeAcunya_10	1	0	0	0	0
HernandodeAcunya_11	1	0	0	0	0
HernandodeAcunya_13	1	0	0	0	0
HernandodeAcunya_16	0	1	1	1	0
HernandodeAcunya_18	2	0	0	0	0
HernandodeAcunya_19	1	0	0	0	0
HernandodeAcunya_20	3	1	0	1	0
HernandodeAcunya_21	2	0	0	0	0
HernandodeAcunya_22	1	0	0	0	0
HernandodeAcunya_29	1	0	0	0	0
HernandodeAcunya_3	1	0	0	0	0
HernandodeAcunya_30	1	1	0	1	0
HernandodeAcunya_32	1	1	0	0	0
HernandodeAcunya_33	1	0	0	0	0
HernandodeAcunya_37	0	2	0	0	0
HernandodeAcunya_38	1	0	0	0	0
HernandodeAcunya_39	1	0	0	0	0
HernandodeAcunya_4	1	0	0	0	0
HernandodeAcunya_40	0	1	0	1	0
HernandodeAcunya_41	1	0	0	0	0
HernandodeAcunya_43	1	0	0	0	0
HernandodeAcunya_44	2	1	1	0	1
HernandodeAcunya_46	1	0	0	0	0
HernandodeAcunya_47	1	1	0	1	0
HernandodeAcunya_48	1	1	0	1	0
HernandodeAcunya_5	0	1	0	0	0
HernandodeAcunya_50	1	0	0	0	0
HernandodeAcunya_52	1	0	0	0	0
HernandodeAcunya_53	3	0	0	0	0
HernandodeAcunya_54	0	1	0	1	0
HernandodeAcunya_55	1	0	0	0	0
HernandodeAcunya_57	1	0	1	0	0
HernandodeAcunya_6	1	0	0	0	0
HernandodeAcunya_60	0	1	0	0	0
HernandodeAcunya_63	1	1	0	0	0
HernandodeAcunya_64	2	0	0	0	0
HernandodeAcunya_65	2	0	0	0	0
HernandodeAcunya_70	1	0	0	0	0
HernandodeAcunya_71	1	0	0	0	0
HernandodeAcunya_72	1	2	0	1	0
HernandodeAcunya_75	1	0	0	0	0
HernandodeAcunya_78	1	0	0	0	0
HernandodeAcunya_79	1	1	0	0	0
HernandodeAcunya_80	0	1	0	1	0
HernandodeAcunya_84	2	0	0	0	0
JosephDeLitalaYCastelvi_1	1	0	0	0	0
JosephDeLitalaYCastelvi_10	2	0	0	0	0
JosephDeLitalaYCastelvi_101	2	1	0	1	0
JosephDeLitalaYCastelvi_102	1	0	0	0	0
JosephDeLitalaYCastelvi_104	1	0	0	0	0
JosephDeLitalaYCastelvi_105	1	0	0	0	0
JosephDeLitalaYCastelvi_106	1	0	0	0	0
JosephDeLitalaYCastelvi_107	0	1	0	0	0
JosephDeLitalaYCastelvi_108	1	1	0	0	0
JosephDeLitalaYCastelvi_11	0	2	0	1	0
JosephDeLitalaYCastelvi_110	0	0	1	0	0
JosephDeLitalaYCastelvi_112	1	0	0	0	0
JosephDeLitalaYCastelvi_114	1	0	0	0	0
JosephDeLitalaYCastelvi_115	0	1	0	0	0
JosephDeLitalaYCastelvi_116	2	1	1	0	0
JosephDeLitalaYCastelvi_118	2	0	1	0	0
JosephDeLitalaYCastelvi_120	1	0	0	0	0
JosephDeLitalaYCastelvi_121	0	4	0	1	0
JosephDeLitalaYCastelvi_122	0	2	0	1	0
JosephDeLitalaYCastelvi_124	0	2	1	0	0
JosephDeLitalaYCastelvi_126	0	1	0	1	0
JosephDeLitalaYCastelvi_127	0	1	1	0	0
JosephDeLitalaYCastelvi_130	2	0	0	0	0
JosephDeLitalaYCastelvi_132	1	1	0	1	0
JosephDeLitalaYCastelvi_133	1	1	0	0	0
JosephDeLitalaYCastelvi_137	2	0	0	0	0
JosephDeLitalaYCastelvi_141	0	1	0	1	0
JosephDeLitalaYCastelvi_142	1	1	1	0	0
JosephDeLitalaYCastelvi_143	1	0	0	0	0
JosephDeLitalaYCastelvi_146	2	0	0	0	0
JosephDeLitalaYCastelvi_147	1	1	0	0	0
JosephDeLitalaYCastelvi_148	2	0	0	0	0
JosephDeLitalaYCastelvi_149	1	0	0	0	0
JosephDeLitalaYCastelvi_150	3	0	0	0	0
JosephDeLitalaYCastelvi_152	1	0	0	0	0
JosephDeLitalaYCastelvi_17	1	0	0	0	0
JosephDeLitalaYCastelvi_19	1	0	0	0	0
JosephDeLitalaYCastelvi_2	0	0	0	1	0
JosephDeLitalaYCastelvi_21	1	0	0	0	0
JosephDeLitalaYCastelvi_22	0	0	0	1	0
JosephDeLitalaYCastelvi_23	0	1	0	0	0
JosephDeLitalaYCastelvi_25	1	0	0	0	0
JosephDeLitalaYCastelvi_28	1	0	0	0	0
JosephDeLitalaYCastelvi_29	1	1	0	0	0
JosephDeLitalaYCastelvi_3	0	0	1	1	0
JosephDeLitalaYCastelvi_30	1	0	0	0	0
JosephDeLitalaYCastelvi_31	0	2	0	0	0
JosephDeLitalaYCastelvi_33	1	1	0	0	0
JosephDeLitalaYCastelvi_34	0	1	0	0	0
JosephDeLitalaYCastelvi_36	1	0	0	0	0
JosephDeLitalaYCastelvi_39	2	0	0	0	0
JosephDeLitalaYCastelvi_4	1	0	0	0	0
JosephDeLitalaYCastelvi_41	3	2	0	0	0
JosephDeLitalaYCastelvi_42	1	1	0	0	0
JosephDeLitalaYCastelvi_43	0	0	1	0	0
JosephDeLitalaYCastelvi_45	0	1	1	0	0
JosephDeLitalaYCastelvi_47	0	1	0	0	0
JosephDeLitalaYCastelvi_48	1	1	0	1	0
JosephDeLitalaYCastelvi_5	1	0	0	0	0
JosephDeLitalaYCastelvi_50	1	1	3	0	0
JosephDeLitalaYCastelvi_54	0	0	0	1	0
JosephDeLitalaYCastelvi_55	0	1	0	0	0
JosephDeLitalaYCastelvi_56	1	0	0	0	0
JosephDeLitalaYCastelvi_58	1	1	0	0	0
JosephDeLitalaYCastelvi_59	1	1	0	0	0
JosephDeLitalaYCastelvi_60	1	1	0	0	0
JosephDeLitalaYCastelvi_62	1	0	0	0	0
JosephDeLitalaYCastelvi_63	0	0	0	0	1
JosephDeLitalaYCastelvi_64	2	0	0	0	0
JosephDeLitalaYCastelvi_66	2	0	0	0	0
JosephDeLitalaYCastelvi_68	0	1	0	0	0
JosephDeLitalaYCastelvi_69	0	1	0	0	0
JosephDeLitalaYCastelvi_7	0	1	0	1	0
JosephDeLitalaYCastelvi_70	1	0	0	0	0
JosephDeLitalaYCastelvi_72	1	0	0	0	0
JosephDeLitalaYCastelvi_73	0	1	1	0	0
JosephDeLitalaYCastelvi_75	0	0	1	0	0
JosephDeLitalaYCastelvi_79	1	0	0	0	0
JosephDeLitalaYCastelvi_8	0	0	0	1	0
JosephDeLitalaYCastelvi_80	0	1	0	0	0
JosephDeLitalaYCastelvi_81	1	0	0	1	0
JosephDeLitalaYCastelvi_82	1	0	0	0	0
JosephDeLitalaYCastelvi_83	1	0	0	0	0
JosephDeLitalaYCastelvi_87	0	0	1	0	0
JosephDeLitalaYCastelvi_88	1	0	0	0	0
JosephDeLitalaYCastelvi_9	2	0	0	0	0
JosephDeLitalaYCastelvi_92	0	1	0	0	0
JosephDeLitalaYCastelvi_93	1	0	0	0	0
JosephDeLitalaYCastelvi_94	1	0	0	0	0
JosephDeLitalaYCastelvi_96	0	1	0	0	0
JosephDeLitalaYCastelvi_97	0	1	0	1	0
JuanBoscan_100	0	2	0	0	0
JuanBoscan_11	1	1	0	0	0
JuanBoscan_12	1	0	0	0	0
JuanBoscan_13	2	2	0	2	0
JuanBoscan_14	1	0	0	0	0
JuanBoscan_16	0	1	0	0	0
JuanBoscan_17	1	0	0	0	0
JuanBoscan_18	1	1	0	1	0
JuanBoscan_2	0	1	0	1	0
JuanBoscan_20	1	0	0	0	0
JuanBoscan_21	1	1	0	1	0
JuanBoscan_22	2	0	0	0	0
JuanBoscan_23	1	0	0	0	0
JuanBoscan_24	1	0	0	0	0
JuanBoscan_25	2	1	0	0	0
JuanBoscan_29	2	1	0	1	0
JuanBoscan_3	1	0	1	0	0
JuanBoscan_30	1	0	0	0	0
JuanBoscan_31	1	0	0	0	0
JuanBoscan_38	2	0	0	0	0
JuanBoscan_40	1	1	0	1	0
JuanBoscan_41	1	0	0	0	0
JuanBoscan_42	1	2	0	2	0
JuanBoscan_43	1	0	0	0	0
JuanBoscan_47	1	0	0	0	0
JuanBoscan_48	3	0	0	0	0
JuanBoscan_51	2	0	0	0	0
JuanBoscan_52	2	0	0	0	0
JuanBoscan_55	1	0	0	0	0
JuanBoscan_56	0	1	0	0	0
JuanBoscan_57	0	1	0	0	0
JuanBoscan_61	0	1	0	0	0
JuanBoscan_63	2	1	0	1	0
JuanBoscan_64	1	0	0	0	0
JuanBoscan_65	2	0	0	0	0
JuanBoscan_66	1	0	1	0	0
JuanBoscan_68	1	1	0	0	0
JuanBoscan_70	0	1	1	1	0
JuanBoscan_71	1	1	0	1	0
JuanBoscan_72	1	0	0	0	0
JuanBoscan_73	2	0	0	0	0
JuanBoscan_75	2	1	0	0	0
JuanBoscan_76	0	2	1	0	1
JuanBoscan_78	1	0	0	0	0
JuanBoscan_79	1	0	0	0	0
JuanBoscan_81	1	0	1	0	0
JuanBoscan_84	1	0	0	0	0
JuanBoscan_86	2	0	0	0	0
JuanBoscan_87	1	0	0	1	0
JuanBoscan_88	1	1	0	1	0
JuanBoscan_89	1	0	0	0	0
JuanBoscan_9	1	0	0	0	0
JuanBoscan_90	0	1	1	1	0
JuanBoscan_91	1	1	0	0	0
JuanBoscan_93	1	1	0	0	0
JuanBoscan_95	1	0	0	0	0
JuanBoscan_96	1	1	0	0	0
JuanBoscan_97	1	0	0	0	0
JuanBoscan_98	1	0	0	0	0
JuanDeAlmeida_11	1	0	0	0	0
JuanDeAlmeida_15	2	0	0	0	0
JuanDeAlmeida_20	2	0	0	0	0
JuanDeAlmeida_21	1	0	0	0	0
JuanDeAlmeida_22	2	0	0	0	0
JuanDeAlmeida_23	3	1	0	1	0
JuanDeAlmeida_24	1	1	0	0	0
JuanDeAlmeida_25	2	0	0	0	0
JuanDeAlmeida_27	0	1	0	0	0
JuanDeAlmeida_28	1	0	0	0	0
JuanDeAlmeida_29	1	0	0	0	0
JuanDeAlmeida_3	1	0	0	0	0
JuanDeAlmeida_30	1	0	0	0	0
JuanDeAlmeida_31	1	0	0	0	0
JuanDeAlmeida_32	1	0	0	0	0
JuanDeAlmeida_33	3	0	0	0	0
JuanDeAlmeida_37	2	2	0	0	0
JuanDeAlmeida_38	2	0	0	0	0
JuanDeAlmeida_39	1	0	0	0	0
JuanDeAlmeida_4	1	1	0	1	0
JuanDeAlmeida_40	2	0	0	0	0
JuanDeAlmeida_41	0	1	0	0	0
JuanDeAlmeida_42	1	0	1	1	0
JuanDeAlmeida_5	0	1	0	0	0
JuanDeAlmeida_7	3	1	0	1	0
JuanDeArguijo_1	1	1	0	0	0
JuanDeArguijo_11	1	0	0	0	0
JuanDeArguijo_12	0	1	0	1	0
JuanDeArguijo_13	1	0	0	0	0
JuanDeArguijo_17	1	1	0	0	0
JuanDeArguijo_18	1	0	1	0	0
JuanDeArguijo_19	0	1	0	1	0
JuanDeArguijo_20	0	2	1	1	0
JuanDeArguijo_22	1	0	0	0	0
JuanDeArguijo_23	1	1	0	1	0
JuanDeArguijo_24	0	1	0	0	0
JuanDeArguijo_27	0	1	0	1	0
JuanDeArguijo_3	0	1	0	0	0
JuanDeArguijo_33	0	0	1	0	0
JuanDeArguijo_38	0	1	0	1	0
JuanDeArguijo_39	1	0	0	0	0
JuanDeArguijo_40	0	1	0	0	0
JuanDeArguijo_41	1	0	0	0	0
JuanDeArguijo_42	3	0	0	0	0
JuanDeArguijo_43	1	0	0	0	0
JuanDeArguijo_44	0	1	1	0	0
JuanDeArguijo_49	2	0	0	0	0
JuanDeArguijo_5	1	0	0	0	0
JuanDeArguijo_51	2	0	0	0	0
JuanDeArguijo_52	1	0	0	0	0
JuanDeArguijo_53	0	2	0	1	0
JuanDeArguijo_54	1	0	1	0	0
JuanDeArguijo_55	1	0	0	0	0
JuanDeArguijo_56	2	0	0	0	0
JuanDeArguijo_57	1	0	0	0	0
JuanDeArguijo_58	0	1	0	1	0
JuanDeArguijo_6	1	0	1	0	0
JuanDeArguijo_60	1	1	0	1	0
JuanDeArguijo_62	1	0	0	0	0
JuanDeArguijo_63	1	0	0	0	0
JuanDeArguijo_66	4	0	0	0	0
JuanDeArguijo_68	1	0	0	0	0
JuanDeArguijo_70	1	2	0	1	0
JuanDeArguijo_8	2	0	0	0	0
JuanDeJauregui_1	0	0	0	1	0
JuanDeJauregui_13	1	0	0	0	0
JuanDeJauregui_16	1	1	0	1	0
JuanDeJauregui_17	0	1	0	0	0
JuanDeJauregui_18	0	0	1	0	0
JuanDeJauregui_19	2	0	0	0	0
JuanDeJauregui_20	1	0	0	0	0
JuanDeJauregui_3	0	1	0	0	0
JuanDeJauregui_6	1	0	0	0	0
JuanDeJauregui_7	1	1	0	1	0
JuanDeJauregui_8	1	0	0	0	0
JuanDeJauregui_9	2	1	1	1	0
JuanDeSalinas_1	0	1	0	1	0
JuanDeSalinas_10	0	2	0	0	0
JuanDeSalinas_11	0	1	2	0	1
JuanDeSalinas_12	2	1	0	0	0
JuanDeSalinas_13	1	0	0	0	0
JuanDeSalinas_15	1	0	0	0	0
JuanDeSalinas_16	1	1	0	1	0
JuanDeSalinas_17	1	0	0	0	0
JuanDeSalinas_18	1	0	0	0	0
JuanDeSalinas_7	1	0	0	0	0
JuanDeSalinas_8	2	0	0	0	0
JuanDeSalinas_9	0	0	0	0	1
JuanDeTassisYPeralta_1	0	1	0	0	0
JuanDeTassisYPeralta_101	1	0	0	0	0
JuanDeTassisYPeralta_105	1	0	0	0	0
JuanDeTassisYPeralta_107	1	0	0	0	0
JuanDeTassisYPeralta_109	1	0	0	0	0
JuanDeTassisYPeralta_110	0	0	0	1	0
JuanDeTassisYPeralta_112	1	1	0	0	0
JuanDeTassisYPeralta_113	0	0	1	0	0
JuanDeTassisYPeralta_114	1	1	0	1	0
JuanDeTassisYPeralta_117	1	1	0	0	0
JuanDeTassisYPeralta_118	1	0	0	0	0
JuanDeTassisYPeralta_119	2	0	0	0	0
JuanDeTassisYPeralta_121	3	0	0	0	0
JuanDeTassisYPeralta_122	2	0	0	0	0
JuanDeTassisYPeralta_124	0	0	1	0	0
JuanDeTassisYPeralta_126	1	1	0	1	0
JuanDeTassisYPeralta_127	1	0	0	0	0
JuanDeTassisYPeralta_128	0	1	0	0	0
JuanDeTassisYPeralta_13	0	1	0	0	0
JuanDeTassisYPeralta_131	1	1	0	1	0
JuanDeTassisYPeralta_134	0	1	0	1	0
JuanDeTassisYPeralta_135	1	1	0	0	0
JuanDeTassisYPeralta_136	0	0	1	0	0
JuanDeTassisYPeralta_137	0	1	1	1	0
JuanDeTassisYPeralta_138	1	0	0	0	0
JuanDeTassisYPeralta_14	0	1	0	0	0
JuanDeTassisYPeralta_142	0	1	0	0	0
JuanDeTassisYPeralta_145	1	0	0	0	0
JuanDeTassisYPeralta_146	1	0	0	0	0
JuanDeTassisYPeralta_147	1	0	0	0	0
JuanDeTassisYPeralta_148	2	0	0	0	0
JuanDeTassisYPeralta_149	1	4	0	2	0
JuanDeTassisYPeralta_150	0	0	0	1	0
JuanDeTassisYPeralta_151	1	0	0	0	0
JuanDeTassisYPeralta_152	0	1	0	1	0
JuanDeTassisYPeralta_153	0	1	0	0	0
JuanDeTassisYPeralta_155	1	0	0	0	0
JuanDeTassisYPeralta_157	0	1	0	0	0
JuanDeTassisYPeralta_16	1	0	0	0	0
JuanDeTassisYPeralta_160	1	0	0	0	0
JuanDeTassisYPeralta_161	0	1	0	1	0
JuanDeTassisYPeralta_164	1	0	0	0	0
JuanDeTassisYPeralta_167	0	1	0	1	0
JuanDeTassisYPeralta_171	1	0	1	0	0
JuanDeTassisYPeralta_172	0	0	1	0	0
JuanDeTassisYPeralta_173	0	1	0	1	0
JuanDeTassisYPeralta_176	1	0	0	0	0
JuanDeTassisYPeralta_177	2	0	0	0	0
JuanDeTassisYPeralta_178	1	0	0	0	0
JuanDeTassisYPeralta_179	0	1	0	0	0
JuanDeTassisYPeralta_180	1	0	0	0	0
JuanDeTassisYPeralta_181	1	1	0	0	0
JuanDeTassisYPeralta_182	1	0	0	0	0
JuanDeTassisYPeralta_183	0	1	0	1	0
JuanDeTassisYPeralta_188	0	1	0	0	0
JuanDeTassisYPeralta_19	0	1	0	1	0
JuanDeTassisYPeralta_190	1	0	0	0	0
JuanDeTassisYPeralta_192	1	0	0	0	0
JuanDeTassisYPeralta_193	1	1	1	1	0
JuanDeTassisYPeralta_194	1	0	1	0	0
JuanDeTassisYPeralta_198	1	1	0	1	0
JuanDeTassisYPeralta_2	2	0	0	0	0
JuanDeTassisYPeralta_20	0	1	0	0	0
JuanDeTassisYPeralta_203	0	1	0	0	0
JuanDeTassisYPeralta_22	1	0	0	0	0
JuanDeTassisYPeralta_23	0	0	1	0	0
JuanDeTassisYPeralta_26	1	1	1	0	0
JuanDeTassisYPeralta_27	1	0	0	0	0
JuanDeTassisYPeralta_3	5	0	0	0	0
JuanDeTassisYPeralta_35	0	1	1	0	0
JuanDeTassisYPeralta_36	0	1	0	1	0
JuanDeTassisYPeralta_38	1	0	0	1	0
JuanDeTassisYPeralta_4	0	1	1	0	0
JuanDeTassisYPeralta_41	1	0	0	0	0
JuanDeTassisYPeralta_42	1	0	0	0	0
JuanDeTassisYPeralta_43	0	1	0	1	0
JuanDeTassisYPeralta_45	1	1	0	0	0
JuanDeTassisYPeralta_46	0	1	0	1	0
JuanDeTassisYPeralta_47	1	1	1	0	0
JuanDeTassisYPeralta_48	0	1	0	0	0
JuanDeTassisYPeralta_49	1	0	0	0	0
JuanDeTassisYPeralta_50	1	1	0	1	0
JuanDeTassisYPeralta_51	2	0	0	0	0
JuanDeTassisYPeralta_52	2	0	0	0	0
JuanDeTassisYPeralta_53	0	1	0	1	0
JuanDeTassisYPeralta_57	1	1	0	1	0
JuanDeTassisYPeralta_59	0	1	0	0	0
JuanDeTassisYPeralta_60	1	0	0	0	0
JuanDeTassisYPeralta_61	1	0	1	0	0
JuanDeTassisYPeralta_63	0	2	0	1	0
JuanDeTassisYPeralta_64	0	1	0	1	0
JuanDeTassisYPeralta_66	2	0	1	0	0
JuanDeTassisYPeralta_68	1	0	0	0	0
JuanDeTassisYPeralta_69	1	1	0	1	0
JuanDeTassisYPeralta_70	1	1	0	1	0
JuanDeTassisYPeralta_74	1	1	0	1	0
JuanDeTassisYPeralta_75	2	0	0	0	0
JuanDeTassisYPeralta_76	1	0	0	0	0
JuanDeTassisYPeralta_78	0	1	0	1	0
JuanDeTassisYPeralta_79	0	0	2	0	0
JuanDeTassisYPeralta_80	1	0	0	0	0
JuanDeTassisYPeralta_82	0	0	1	1	0
JuanDeTassisYPeralta_85	1	0	0	0	0
JuanDeTassisYPeralta_86	1	1	0	1	0
JuanDeTassisYPeralta_88	0	1	0	1	0
JuanDeTassisYPeralta_89	1	0	0	0	0
JuanDeTassisYPeralta_9	2	1	2	1	0
JuanDeTassisYPeralta_91	0	0	1	0	0
JuanDeTassisYPeralta_92	1	0	0	0	0
JuanDeTassisYPeralta_93	1	0	0	1	0
JuanDeTassisYPeralta_95	1	0	0	0	0
JuanDeTassisYPeralta_96	2	0	0	0	0
JuanDeTassisYPeralta_97	2	0	0	0	0
JuanDeTimoneda_1	1	0	0	0	0
JuanDeTimoneda_10	1	0	0	0	0
JuanDeTimoneda_11	1	0	0	0	0
JuanDeTimoneda_13	2	0	1	0	0
JuanDeTimoneda_16	1	0	0	0	0
JuanDeTimoneda_17	0	0	1	0	0
JuanDeTimoneda_2	1	0	0	0	0
JuanDeTimoneda_21	1	0	0	0	0
JuanDeTimoneda_22	1	0	0	0	0
JuanDeTimoneda_23	1	0	0	0	0
JuanDeTimoneda_24	0	1	0	0	0
JuanDeTimoneda_25	1	1	0	0	0
JuanDeTimoneda_26	1	0	0	0	0
JuanDeTimoneda_27	1	1	0	1	0
JuanDeTimoneda_29	0	1	0	0	0
JuanDeTimoneda_3	1	0	0	0	0
JuanDeTimoneda_30	0	1	0	0	0
JuanDeTimoneda_4	0	1	0	1	0
JuanDeTimoneda_5	0	1	0	0	0
JuanDeTimoneda_6	2	0	0	0	0
JuanDeTimoneda_8	0	1	0	0	0
JuanaInesDeLaCruz_1	0	1	0	0	0
JuanaInesDeLaCruz_10	0	0	0	1	0
JuanaInesDeLaCruz_11	1	0	0	0	0
JuanaInesDeLaCruz_12	2	0	0	0	0
JuanaInesDeLaCruz_15	2	0	0	0	0
JuanaInesDeLaCruz_16	1	0	0	0	0
JuanaInesDeLaCruz_18	0	2	1	0	0
JuanaInesDeLaCruz_19	2	0	0	0	0
JuanaInesDeLaCruz_2	1	0	0	0	0
JuanaInesDeLaCruz_20	2	0	0	0	0
JuanaInesDeLaCruz_21	1	0	0	0	0
JuanaInesDeLaCruz_23	3	1	0	0	0
JuanaInesDeLaCruz_3	1	0	0	1	0
JuanaInesDeLaCruz_32	1	0	2	0	0
JuanaInesDeLaCruz_33	1	1	0	0	0
JuanaInesDeLaCruz_35	0	1	0	0	0
JuanaInesDeLaCruz_37	0	2	0	1	0
JuanaInesDeLaCruz_38	1	0	0	0	0
JuanaInesDeLaCruz_39	1	0	0	0	0
JuanaInesDeLaCruz_4	2	0	0	0	0
JuanaInesDeLaCruz_40	1	1	0	0	0
JuanaInesDeLaCruz_41	1	0	0	0	0
JuanaInesDeLaCruz_43	2	0	0	0	0
JuanaInesDeLaCruz_46	1	0	0	0	0
JuanaInesDeLaCruz_47	1	1	0	0	0
JuanaInesDeLaCruz_48	1	1	0	0	0
JuanaInesDeLaCruz_49	0	2	1	1	0
JuanaInesDeLaCruz_51	0	1	1	0	0
JuanaInesDeLaCruz_53	0	0	1	0	0
JuanaInesDeLaCruz_54	1	0	0	0	0
JuanaInesDeLaCruz_56	1	0	0	0	0
JuanaInesDeLaCruz_57	0	0	1	0	0
JuanaInesDeLaCruz_58	1	0	0	0	0
JuanaInesDeLaCruz_59	1	0	0	0	0
JuanaInesDeLaCruz_6	0	2	0	0	0
JuanaInesDeLaCruz_61	1	0	0	0	0
JuanaInesDeLaCruz_62	2	0	0	0	0
JuanaInesDeLaCruz_63	0	1	1	1	0
JuanaInesDeLaCruz_64	0	1	0	0	0
JuanaInesDeLaCruz_65	0	1	0	0	0
JuanaInesDeLaCruz_67	1	0	0	0	0
JuanaInesDeLaCruz_68	0	1	0	1	0
JuanaInesDeLaCruz_69	1	0	0	0	0
JuanaInesDeLaCruz_7	0	0	1	1	0
JuanaInesDeLaCruz_70	1	0	0	0	0
JuanaInesDeLaCruz_72	1	1	0	1	0
JuanaInesDeLaCruz_8	1	1	0	1	0
JuanaInesDeLaCruz_9	0	1	0	0	0
LopeDeVega_1002	2	0	0	0	0
LopeDeVega_1004	1	1	0	1	0
LopeDeVega_1005	1	0	0	0	0
LopeDeVega_1007	1	0	0	0	0
LopeDeVega_1009	2	0	1	0	0
LopeDeVega_1010	0	1	0	1	0
LopeDeVega_1011	1	2	2	0	0
LopeDeVega_1012	1	0	0	0	0
LopeDeVega_1014	0	0	1	0	0
LopeDeVega_1015	1	0	0	0	0
LopeDeVega_1018	1	0	0	0	0
LopeDeVega_1019	1	0	0	0	0
LopeDeVega_1020	1	0	0	0	0
LopeDeVega_1021	2	1	0	0	0
LopeDeVega_1022	1	0	0	0	0
LopeDeVega_1023	0	0	1	0	0
LopeDeVega_1025	2	0	1	1	0
LopeDeVega_1026	2	0	0	0	0
LopeDeVega_1028	1	0	0	0	0
LopeDeVega_1030	2	0	0	0	0
LopeDeVega_1031	2	2	0	2	0
LopeDeVega_1032	1	0	0	0	0
LopeDeVega_1034	1	1	0	1	0
LopeDeVega_1035	2	0	0	0	0
LopeDeVega_1036	0	1	1	1	0
LopeDeVega_1038	0	2	0	1	0
LopeDeVega_1039	1	0	0	0	0
LopeDeVega_1041	2	0	0	0	0
LopeDeVega_1042	2	0	0	0	0
LopeDeVega_1043	0	2	0	2	0
LopeDeVega_1044	1	0	1	0	0
LopeDeVega_1045	1	1	0	0	0
LopeDeVega_1047	1	0	0	0	0
LopeDeVega_1048	2	1	0	0	0
LopeDeVega_1049	1	0	0	0	0
LopeDeVega_105	1	0	0	0	0
LopeDeVega_1050	1	0	0	0	0
LopeDeVega_1051	0	0	0	1	0
LopeDeVega_1052	1	0	0	0	0
LopeDeVega_1053	1	0	0	0	0
LopeDeVega_1055	1	1	0	1	0
LopeDeVega_1056	1	1	0	2	0
LopeDeVega_1057	0	1	0	1	0
LopeDeVega_1059	1	0	0	0	0
LopeDeVega_106	0	1	0	0	0
LopeDeVega_1061	3	0	0	0	0
LopeDeVega_1064	0	1	1	0	0
LopeDeVega_1065	0	1	0	1	0
LopeDeVega_1067	1	1	0	0	0
LopeDeVega_1068	0	2	0	1	0
LopeDeVega_1069	0	1	0	0	0
LopeDeVega_107	0	0	0	1	0
LopeDeVega_1072	1	0	0	0	0
LopeDeVega_1073	0	2	1	1	0
LopeDeVega_1075	0	0	0	1	0
LopeDeVega_1077	0	3	0	0	0
LopeDeVega_1079	2	0	0	0	0
LopeDeVega_108	0	2	0	0	0
LopeDeVega_1082	0	0	1	0	0
LopeDeVega_1083	1	1	0	0	0
LopeDeVega_1084	2	0	0	0	0
LopeDeVega_1085	2	0	0	0	0
LopeDeVega_1086	0	1	0	0	0
LopeDeVega_1087	1	2	0	2	0
LopeDeVega_1089	0	1	1	0	0
LopeDeVega_109	3	0	0	0	0
LopeDeVega_1091	1	1	0	0	0
LopeDeVega_1093	1	0	0	0	0
LopeDeVega_1095	1	0	0	0	0
LopeDeVega_1096	1	0	1	0	0
LopeDeVega_1098	1	0	0	0	0
LopeDeVega_1099	1	0	1	1	0
LopeDeVega_11	1	0	0	0	0
LopeDeVega_1101	1	0	0	0	0
LopeDeVega_1102	1	0	0	0	0
LopeDeVega_1104	1	0	0	1	0
LopeDeVega_1105	3	0	0	0	0
LopeDeVega_1109	0	1	0	0	0
LopeDeVega_1110	0	0	1	0	0
LopeDeVega_1111	1	1	0	1	0
LopeDeVega_1112	1	0	0	0	0
LopeDeVega_1113	1	2	1	2	0
LopeDeVega_1114	1	0	0	0	0
LopeDeVega_1115	1	0	0	0	0
LopeDeVega_1116	0	0	1	0	0
LopeDeVega_1119	1	1	0	0	0
LopeDeVega_112	2	0	0	0	0
LopeDeVega_1120	3	0	0	0	0
LopeDeVega_1121	1	1	0	0	0
LopeDeVega_1122	2	0	0	0	0
LopeDeVega_1123	0	1	0	0	0
LopeDeVega_1124	2	0	0	0	0
LopeDeVega_1125	1	0	0	0	0
LopeDeVega_1126	1	0	1	1	1
LopeDeVega_1127	1	0	0	0	0
LopeDeVega_1128	1	1	0	0	0
LopeDeVega_1129	2	0	0	0	0
LopeDeVega_1130	1	0	0	0	0
LopeDeVega_1133	0	1	0	0	0
LopeDeVega_1134	1	1	0	0	0
LopeDeVega_1135	1	0	0	0	0
LopeDeVega_1136	2	0	0	0	0
LopeDeVega_1137	1	0	0	0	0
LopeDeVega_1138	0	1	0	0	0
LopeDeVega_1141	1	0	0	0	0
LopeDeVega_1142	0	1	0	1	0
LopeDeVega_1143	0	1	0	1	0
LopeDeVega_1145	1	0	0	0	0
LopeDeVega_1147	1	0	0	0	0
LopeDeVega_115	1	1	0	1	0
LopeDeVega_1150	0	2	2	2	0
LopeDeVega_1151	4	0	0	0	0
LopeDeVega_1152	2	0	0	0	0
LopeDeVega_1153	1	0	0	0	0
LopeDeVega_1155	0	0	1	0	0
LopeDeVega_1156	1	0	0	0	0
LopeDeVega_1157	0	1	0	1	0
LopeDeVega_1158	1	0	0	1	0
LopeDeVega_1159	2	0	0	0	0
LopeDeVega_116	1	0	0	0	0
LopeDeVega_1161	0	1	0	0	0
LopeDeVega_1162	1	0	0	0	0
LopeDeVega_1163	2	0	0	0	0
LopeDeVega_1164	1	0	0	0	0
LopeDeVega_1166	0	0	1	0	0
LopeDeVega_1167	0	1	0	0	0
LopeDeVega_1168	2	0	0	0	0
LopeDeVega_1169	1	0	0	0	0
LopeDeVega_117	0	1	0	1	0
LopeDeVega_1171	0	1	0	1	0
LopeDeVega_1173	2	1	0	1	0
LopeDeVega_1174	0	1	0	1	0
LopeDeVega_1175	2	0	0	0	0
LopeDeVega_1176	1	0	0	0	0
LopeDeVega_1177	2	0	0	0	0
LopeDeVega_1178	0	1	1	0	0
LopeDeVega_1179	2	0	1	1	0
LopeDeVega_118	1	0	0	0	0
LopeDeVega_1182	1	0	0	0	0
LopeDeVega_1184	1	0	0	0	0
LopeDeVega_1185	1	0	0	0	0
LopeDeVega_1187	1	0	0	1	0
LopeDeVega_1189	2	0	0	0	0
LopeDeVega_1191	0	0	1	1	0
LopeDeVega_1194	1	0	0	0	0
LopeDeVega_1196	1	0	0	0	0
LopeDeVega_1197	1	1	2	0	1
LopeDeVega_1198	2	0	0	0	0
LopeDeVega_12	0	1	0	0	0
LopeDeVega_120	1	0	0	0	0
LopeDeVega_1201	1	0	1	0	0
LopeDeVega_1204	0	1	0	0	0
LopeDeVega_1205	1	0	0	0	0
LopeDeVega_1206	1	0	0	0	0
LopeDeVega_1207	1	1	1	1	0
LopeDeVega_1209	1	0	0	0	0
LopeDeVega_1210	2	0	0	0	0
LopeDeVega_1214	1	0	1	0	0
LopeDeVega_1215	1	0	0	0	0
LopeDeVega_1216	1	0	0	0	0
LopeDeVega_1219	0	1	0	1	0
LopeDeVega_122	2	2	0	0	0
LopeDeVega_1220	3	0	0	0	0
LopeDeVega_1221	1	1	0	1	0
LopeDeVega_1222	2	0	1	0	0
LopeDeVega_1223	1	0	0	0	0
LopeDeVega_1226	2	1	0	1	0
LopeDeVega_1228	2	1	1	1	0
LopeDeVega_1229	0	1	0	1	0
LopeDeVega_123	0	0	2	0	1
LopeDeVega_1230	1	0	0	0	0
LopeDeVega_1231	1	0	0	0	0
LopeDeVega_1233	0	1	1	1	0
LopeDeVega_1234	0	1	1	1	0
LopeDeVega_1235	1	0	0	0	0
LopeDeVega_1236	1	2	0	1	0
LopeDeVega_1237	1	0	0	0	0
LopeDeVega_1239	0	1	0	1	0
LopeDeVega_124	3	0	0	0	0
LopeDeVega_1241	1	2	0	1	0
LopeDeVega_1242	1	0	0	0	0
LopeDeVega_1243	1	0	0	0	0
LopeDeVega_1244	0	1	0	1	0
LopeDeVega_1245	0	1	0	0	0
LopeDeVega_1246	1	0	1	0	0
LopeDeVega_1247	0	1	0	0	0
LopeDeVega_1248	0	1	0	0	0
LopeDeVega_1249	1	0	0	0	0
LopeDeVega_125	1	1	0	0	0
LopeDeVega_1250	1	0	0	0	0
LopeDeVega_1251	1	1	0	0	0
LopeDeVega_1252	0	1	0	1	0
LopeDeVega_1253	1	0	0	0	0
LopeDeVega_1254	0	2	0	2	0
LopeDeVega_1255	4	1	0	1	0
LopeDeVega_1257	0	1	0	0	0
LopeDeVega_1258	1	0	0	0	0
LopeDeVega_126	1	1	0	0	0
LopeDeVega_1260	1	1	1	0	1
LopeDeVega_1262	2	0	0	0	0
LopeDeVega_1264	1	0	0	0	0
LopeDeVega_1265	1	1	0	1	0
LopeDeVega_1266	1	0	0	1	0
LopeDeVega_1268	1	0	1	0	0
LopeDeVega_1269	1	0	0	0	0
LopeDeVega_127	1	0	0	0	0
LopeDeVega_1270	1	0	0	0	0
LopeDeVega_1272	1	0	0	0	0
LopeDeVega_1273	1	0	0	0	0
LopeDeVega_1276	3	0	0	0	0
LopeDeVega_1277	1	0	0	0	0
LopeDeVega_1278	2	0	0	0	0
LopeDeVega_1280	1	1	0	1	0
LopeDeVega_1283	2	0	0	0	0
LopeDeVega_1287	2	0	1	0	0
LopeDeVega_1288	1	1	0	1	0
LopeDeVega_1289	0	1	1	1	0
LopeDeVega_1290	1	0	0	0	0
LopeDeVega_1291	2	0	0	0	0
LopeDeVega_1292	1	0	0	0	0
LopeDeVega_1293	0	1	0	1	0
LopeDeVega_1294	1	0	1	0	0
LopeDeVega_1295	1	0	0	0	0
LopeDeVega_1298	2	0	0	0	0
LopeDeVega_1299	0	1	1	1	0
LopeDeVega_13	2	1	0	0	0
LopeDeVega_130	0	0	0	1	0
LopeDeVega_1300	1	0	1	0	0
LopeDeVega_1301	1	0	1	0	0
LopeDeVega_1302	3	0	0	0	0
LopeDeVega_1307	0	1	0	1	0
LopeDeVega_1308	4	0	0	0	0
LopeDeVega_1309	2	1	0	1	0
LopeDeVega_131	3	0	0	0	0
LopeDeVega_1310	1	1	1	1	0
LopeDeVega_1312	0	0	1	0	0
LopeDeVega_1315	1	0	2	1	0
LopeDeVega_1316	0	1	0	0	0
LopeDeVega_1317	1	1	0	0	0
LopeDeVega_1319	1	0	0	0	0
LopeDeVega_132	0	1	0	1	0
LopeDeVega_1320	2	0	0	0	0
LopeDeVega_1321	2	0	0	0	0
LopeDeVega_1326	1	0	0	0	0
LopeDeVega_1327	0	1	2	0	1
LopeDeVega_1329	1	0	0	0	0
LopeDeVega_1334	1	1	0	0	0
LopeDeVega_1335	1	0	0	0	0
LopeDeVega_1336	1	0	1	0	0
LopeDeVega_1338	0	1	0	0	0
LopeDeVega_1339	0	3	1	0	0
LopeDeVega_134	1	2	0	1	0
LopeDeVega_1343	1	1	0	1	0
LopeDeVega_1344	0	1	0	0	0
LopeDeVega_1345	2	0	0	0	0
LopeDeVega_135	1	1	0	2	0
LopeDeVega_136	0	2	0	0	0
LopeDeVega_137	1	0	0	0	0
LopeDeVega_138	1	1	0	0	0
LopeDeVega_139	1	0	0	0	0
LopeDeVega_14	3	0	1	0	0
LopeDeVega_140	1	0	0	0	0
LopeDeVega_142	0	1	0	1	0
LopeDeVega_143	0	1	0	1	0
LopeDeVega_146	0	1	0	1	0
LopeDeVega_147	1	0	0	0	0
LopeDeVega_148	3	0	0	0	0
LopeDeVega_150	2	0	0	0	0
LopeDeVega_151	1	0	0	0	0
LopeDeVega_152	1	0	0	0	0
LopeDeVega_154	0	1	0	1	0
LopeDeVega_155	3	1	1	1	0
LopeDeVega_156	1	1	0	0	0
LopeDeVega_158	2	0	0	0	0
LopeDeVega_16	2	0	0	0	0
LopeDeVega_160	0	2	1	1	0
LopeDeVega_161	1	0	0	0	0
LopeDeVega_163	0	3	0	2	0
LopeDeVega_164	2	0	0	0	0
LopeDeVega_166	1	0	0	0	0
LopeDeVega_169	0	2	0	0	0
LopeDeVega_170	2	0	0	0	0
LopeDeVega_173	1	0	0	0	0
LopeDeVega_174	1	0	0	0	0
LopeDeVega_175	2	1	1	1	0
LopeDeVega_176	0	1	0	0	0
LopeDeVega_177	0	1	0	0	0
LopeDeVega_179	2	1	0	0	0
LopeDeVega_18	0	1	0	1	0
LopeDeVega_180	2	0	0	0	0
LopeDeVega_182	0	2	1	1	0
LopeDeVega_184	1	0	0	0	0
LopeDeVega_185	0	1	0	0	0
LopeDeVega_188	2	1	0	0	0
LopeDeVega_189	2	0	0	0	0
LopeDeVega_191	0	2	2	1	0
LopeDeVega_194	0	1	1	0	0
LopeDeVega_196	0	0	1	0	0
LopeDeVega_198	1	0	0	0	0
LopeDeVega_199	2	0	0	0	0
LopeDeVega_2	1	0	0	1	0
LopeDeVega_201	0	1	0	0	0
LopeDeVega_203	1	0	0	0	0
LopeDeVega_205	1	0	0	0	0
LopeDeVega_207	2	0	0	0	0
LopeDeVega_208	0	0	1	1	0
LopeDeVega_209	1	1	0	1	0
LopeDeVega_212	1	0	0	0	0
LopeDeVega_216	1	0	0	0	0
LopeDeVega_217	0	0	0	1	0
LopeDeVega_22	1	0	0	0	0
LopeDeVega_220	0	1	1	1	0
LopeDeVega_221	2	0	0	0	0
LopeDeVega_224	1	0	1	0	0
LopeDeVega_225	0	1	0	0	0
LopeDeVega_227	0	0	1	0	0
LopeDeVega_229	1	0	0	0	0
LopeDeVega_23	1	0	0	0	0
LopeDeVega_230	1	0	0	0	0
LopeDeVega_233	1	1	0	0	0
LopeDeVega_235	1	0	0	0	0
LopeDeVega_236	2	0	0	0	0
LopeDeVega_237	0	0	1	0	0
LopeDeVega_24	1	0	0	0	0
LopeDeVega_246	2	0	0	0	0
LopeDeVega_247	3	0	0	0	0
LopeDeVega_248	0	1	0	1	0
LopeDeVega_249	0	0	1	0	0
LopeDeVega_25	2	0	0	0	0
LopeDeVega_251	0	1	1	0	1
LopeDeVega_252	0	0	1	0	0
LopeDeVega_254	0	1	0	1	0
LopeDeVega_255	3	0	0	0	0
LopeDeVega_256	1	1	0	1	0
LopeDeVega_259	2	0	1	0	0
LopeDeVega_26	0	1	0	1	0
LopeDeVega_260	1	1	1	1	0
LopeDeVega_261	0	0	1	0	0
LopeDeVega_262	1	0	1	0	0
LopeDeVega_265	0	1	0	0	0
LopeDeVega_266	1	0	0	0	0
LopeDeVega_267	1	0	0	0	0
LopeDeVega_268	1	0	0	0	0
LopeDeVega_27	3	1	0	1	0
LopeDeVega_270	1	0	0	0	0
LopeDeVega_273	1	0	0	0	0
LopeDeVega_274	2	0	0	0	0
LopeDeVega_276	1	0	0	0	0
LopeDeVega_279	0	1	0	0	0
LopeDeVega_28	1	0	0	1	0
LopeDeVega_281	2	2	1	1	0
LopeDeVega_282	3	0	0	0	0
LopeDeVega_283	1	0	1	0	0
LopeDeVega_286	2	0	0	0	0
LopeDeVega_287	1	0	0	0	0
LopeDeVega_289	0	1	0	1	0
LopeDeVega_291	1	0	0	0	0
LopeDeVega_297	1	2	1	0	0
LopeDeVega_3	0	2	0	1	0
LopeDeVega_30	1	2	1	2	0
LopeDeVega_300	3	1	1	1	0
LopeDeVega_302	1	0	0	0	0
LopeDeVega_303	1	0	1	0	0
LopeDeVega_304	0	1	0	1	0
LopeDeVega_305	1	0	0	1	0
LopeDeVega_307	1	0	0	0	0
LopeDeVega_309	2	0	0	0	0
LopeDeVega_31	1	0	0	0	0
LopeDeVega_310	1	0	0	0	0
LopeDeVega_311	1	1	0	0	0
LopeDeVega_315	0	1	0	0	0
LopeDeVega_316	2	0	0	0	0
LopeDeVega_318	1	0	0	0	0
LopeDeVega_320	0	1	0	0	0
LopeDeVega_322	0	0	1	0	0
LopeDeVega_323	1	0	0	0	0
LopeDeVega_324	1	0	0	0	0
LopeDeVega_325	0	1	1	0	0
LopeDeVega_326	2	0	0	0	0
LopeDeVega_328	1	0	0	0	0
LopeDeVega_329	1	0	0	0	0
LopeDeVega_330	1	0	1	0	0
LopeDeVega_331	1	0	0	0	0
LopeDeVega_333	2	0	0	0	0
LopeDeVega_335	1	0	0	0	0
LopeDeVega_336	0	1	1	0	0
LopeDeVega_337	3	0	0	0	0
LopeDeVega_340	2	0	0	0	0
LopeDeVega_341	1	0	0	0	0
LopeDeVega_342	0	1	0	0	0
LopeDeVega_344	1	0	0	0	0
LopeDeVega_345	1	0	0	0	0
LopeDeVega_346	2	0	0	0	0
LopeDeVega_347	2	0	0	0	0
LopeDeVega_348	0	0	1	0	0
LopeDeVega_349	1	0	0	0	0
LopeDeVega_352	1	0	0	0	0
LopeDeVega_353	2	0	0	0	0
LopeDeVega_355	1	0	0	0	0
LopeDeVega_356	1	0	0	0	0
LopeDeVega_358	0	0	0	1	0
LopeDeVega_359	1	0	0	0	0
LopeDeVega_36	0	1	0	0	0
LopeDeVega_361	1	0	0	0	0
LopeDeVega_362	2	0	0	0	0
LopeDeVega_363	1	1	0	0	0
LopeDeVega_364	0	1	2	1	0
LopeDeVega_365	1	0	0	0	0
LopeDeVega_366	0	1	0	0	0
LopeDeVega_367	1	0	0	0	0
LopeDeVega_369	1	0	0	0	0
LopeDeVega_37	1	0	0	0	0
LopeDeVega_370	1	0	0	0	0
LopeDeVega_374	1	0	0	0	0
LopeDeVega_375	2	0	0	0	0
LopeDeVega_376	0	0	0	0	1
LopeDeVega_377	1	1	0	1	0
LopeDeVega_379	2	0	0	0	0
LopeDeVega_380	3	0	1	0	0
LopeDeVega_381	2	0	0	0	0
LopeDeVega_382	2	0	0	1	0
LopeDeVega_383	0	1	0	1	0
LopeDeVega_386	1	0	0	0	0
LopeDeVega_387	1	0	0	0	0
LopeDeVega_388	1	0	0	0	0
LopeDeVega_389	1	0	0	0	0
LopeDeVega_39	1	0	0	0	0
LopeDeVega_391	2	1	0	1	0
LopeDeVega_393	1	0	1	0	0
LopeDeVega_394	2	0	0	0	0
LopeDeVega_395	1	0	1	0	0
LopeDeVega_396	2	0	0	0	0
LopeDeVega_397	1	0	0	0	0
LopeDeVega_398	0	1	2	2	0
LopeDeVega_4	1	1	0	2	0
LopeDeVega_40	1	0	0	0	0
LopeDeVega_400	1	0	0	0	0
LopeDeVega_402	1	0	0	0	0
LopeDeVega_403	1	0	0	0	0
LopeDeVega_404	0	1	0	0	0
LopeDeVega_405	1	0	0	0	0
LopeDeVega_406	0	0	1	0	0
LopeDeVega_409	1	0	0	0	0
LopeDeVega_411	2	1	0	1	0
LopeDeVega_413	3	0	0	0	0
LopeDeVega_414	0	1	0	0	0
LopeDeVega_416	0	1	0	1	0
LopeDeVega_417	1	0	0	0	0
LopeDeVega_42	1	0	0	0	0
LopeDeVega_420	1	0	0	0	0
LopeDeVega_421	2	0	0	0	0
LopeDeVega_424	2	1	0	0	0
LopeDeVega_425	1	1	0	0	0
LopeDeVega_429	1	0	0	0	0
LopeDeVega_430	1	0	0	0	0
LopeDeVega_432	0	1	1	0	0
LopeDeVega_433	1	0	0	0	0
LopeDeVega_434	1	0	0	0	0
LopeDeVega_437	2	1	0	1	0
LopeDeVega_438	2	0	0	0	0
LopeDeVega_439	1	0	0	0	0
LopeDeVega_44	1	0	0	0	0
LopeDeVega_440	1	0	0	0	0
LopeDeVega_442	1	0	0	0	0
LopeDeVega_443	1	0	0	0	0
LopeDeVega_444	1	0	0	0	0
LopeDeVega_445	1	1	0	1	0
LopeDeVega_446	3	0	0	0	0
LopeDeVega_447	1	0	0	0	0
LopeDeVega_448	1	0	0	0	0
LopeDeVega_449	1	0	0	0	0
LopeDeVega_45	0	1	0	1	0
LopeDeVega_450	2	0	0	0	0
LopeDeVega_453	1	0	0	0	0
LopeDeVega_455	3	0	0	0	0
LopeDeVega_456	0	0	0	1	0
LopeDeVega_458	0	0	0	1	0
LopeDeVega_459	0	0	0	1	0
LopeDeVega_462	2	0	0	0	0
LopeDeVega_463	1	0	0	0	0
LopeDeVega_464	4	0	0	0	0
LopeDeVega_469	1	0	0	0	0
LopeDeVega_47	1	1	0	1	0
LopeDeVega_475	1	0	0	0	0
LopeDeVega_476	1	2	0	0	0
LopeDeVega_477	1	0	0	0	0
LopeDeVega_478	3	0	0	0	0
LopeDeVega_48	1	0	0	0	0
LopeDeVega_480	1	1	0	1	0
LopeDeVega_481	0	1	0	0	0
LopeDeVega_482	2	0	0	0	0
LopeDeVega_485	3	0	0	0	0
LopeDeVega_486	1	0	0	0	0
LopeDeVega_487	0	1	0	0	0
LopeDeVega_488	1	0	0	0	0
LopeDeVega_489	0	1	2	0	0
LopeDeVega_49	1	0	0	0	0
LopeDeVega_491	2	1	0	1	0
LopeDeVega_492	0	1	1	0	0
LopeDeVega_494	0	2	0	0	0
LopeDeVega_495	1	2	0	1	0
LopeDeVega_497	1	0	0	0	0
LopeDeVega_498	2	1	1	0	0
LopeDeVega_499	1	0	0	0	0
LopeDeVega_505	3	0	0	0	0
LopeDeVega_506	0	0	1	0	0
LopeDeVega_507	2	0	2	0	0
LopeDeVega_508	1	0	0	0	0
LopeDeVega_509	2	0	0	0	0
LopeDeVega_51	2	0	0	0	0
LopeDeVega_510	1	1	0	1	0
LopeDeVega_511	2	0	0	0	0
LopeDeVega_513	1	0	0	0	0
LopeDeVega_514	1	0	0	0	0
LopeDeVega_515	2	0	0	0	0
LopeDeVega_516	1	0	0	0	0
LopeDeVega_519	1	0	0	0	0
LopeDeVega_52	0	0	1	0	0
LopeDeVega_525	0	0	0	1	0
LopeDeVega_527	0	0	1	0	0
LopeDeVega_530	1	0	1	1	0
LopeDeVega_532	2	0	0	0	0
LopeDeVega_533	0	1	0	1	0
LopeDeVega_535	1	0	0	0	0
LopeDeVega_536	1	0	0	0	0
LopeDeVega_538	2	0	0	0	0
LopeDeVega_540	2	0	0	0	0
LopeDeVega_542	1	0	0	0	0
LopeDeVega_543	2	0	0	1	0
LopeDeVega_544	1	0	0	0	0
LopeDeVega_545	1	0	0	0	0
LopeDeVega_546	0	1	0	0	0
LopeDeVega_547	1	0	0	0	0
LopeDeVega_548	3	1	0	0	0
LopeDeVega_549	1	0	0	0	0
LopeDeVega_550	0	0	1	0	0
LopeDeVega_551	1	0	0	0	0
LopeDeVega_553	2	0	0	0	0
LopeDeVega_554	2	0	0	0	0
LopeDeVega_555	1	1	0	0	0
LopeDeVega_556	1	1	1	0	0
LopeDeVega_557	1	0	0	0	0
LopeDeVega_56	0	1	0	1	0
LopeDeVega_562	2	0	0	0	0
LopeDeVega_563	0	1	1	0	0
LopeDeVega_565	0	0	1	0	0
LopeDeVega_567	1	0	1	0	0
LopeDeVega_568	1	0	0	0	0
LopeDeVega_569	2	0	0	0	0
LopeDeVega_57	0	2	0	0	0
LopeDeVega_570	1	0	0	0	0
LopeDeVega_573	1	0	0	0	0
LopeDeVega_574	0	0	1	1	0
LopeDeVega_575	1	1	1	0	1
LopeDeVega_576	0	0	1	0	0
LopeDeVega_578	1	1	0	0	0
LopeDeVega_580	1	0	0	0	0
LopeDeVega_581	1	0	1	0	0
LopeDeVega_582	1	0	0	0	0
LopeDeVega_583	0	1	0	1	0
LopeDeVega_585	1	0	0	0	0
LopeDeVega_589	2	2	0	2	0
LopeDeVega_59	4	1	0	1	0
LopeDeVega_590	2	0	0	0	0
LopeDeVega_591	1	0	0	0	0
LopeDeVega_592	1	0	0	0	0
LopeDeVega_594	1	1	1	0	0
LopeDeVega_597	2	0	1	0	0
LopeDeVega_599	1	0	1	0	0
LopeDeVega_6	1	0	0	0	0
LopeDeVega_601	1	0	0	0	0
LopeDeVega_602	1	0	0	0	0
LopeDeVega_603	1	1	1	1	0
LopeDeVega_605	2	0	0	0	0
LopeDeVega_607	1	0	0	0	0
LopeDeVega_608	1	0	0	0	0
LopeDeVega_609	2	0	0	0	0
LopeDeVega_61	0	2	0	2	0
LopeDeVega_610	2	0	0	0	0
LopeDeVega_611	1	1	1	0	0
LopeDeVega_614	1	0	0	0	0
LopeDeVega_616	1	0	0	0	0
LopeDeVega_618	1	0	0	0	0
LopeDeVega_619	1	1	0	1	0
LopeDeVega_62	3	0	1	0	0
LopeDeVega_620	2	1	0	0	0
LopeDeVega_623	1	0	0	0	0
LopeDeVega_624	1	0	0	0	0
LopeDeVega_625	1	0	1	0	0
LopeDeVega_627	1	2	0	0	0
LopeDeVega_629	1	0	0	0	0
LopeDeVega_631	1	0	0	0	0
LopeDeVega_634	1	0	0	0	0
LopeDeVega_635	1	0	0	0	0
LopeDeVega_636	0	1	0	1	0
LopeDeVega_637	1	1	0	1	0
LopeDeVega_638	1	1	0	0	0
LopeDeVega_640	0	1	1	0	0
LopeDeVega_641	4	0	0	0	0
LopeDeVega_643	1	1	1	1	0
LopeDeVega_644	0	1	1	0	0
LopeDeVega_645	0	2	0	2	0
LopeDeVega_646	3	0	0	0	0
LopeDeVega_647	1	1	0	0	0
LopeDeVega_648	1	1	0	1	0
LopeDeVega_649	1	0	0	0	0
LopeDeVega_65	1	2	0	1	0
LopeDeVega_651	1	0	0	0	0
LopeDeVega_652	1	1	0	0	0
LopeDeVega_653	1	0	0	0	0
LopeDeVega_654	1	1	0	1	0
LopeDeVega_66	2	1	1	0	0
LopeDeVega_660	0	1	0	0	0
LopeDeVega_663	0	0	1	0	0
LopeDeVega_664	0	0	1	0	0
LopeDeVega_665	1	1	1	1	0
LopeDeVega_667	1	0	0	0	0
LopeDeVega_669	1	0	0	0	0
LopeDeVega_67	2	0	0	0	0
LopeDeVega_670	1	0	0	0	0
LopeDeVega_671	1	1	0	1	0
LopeDeVega_672	1	0	0	0	0
LopeDeVega_675	2	0	0	0	0
LopeDeVega_678	1	0	0	0	0
LopeDeVega_679	2	1	0	0	0
LopeDeVega_680	1	1	0	1	0
LopeDeVega_681	2	0	0	0	0
LopeDeVega_684	1	0	0	0	0
LopeDeVega_687	1	1	0	1	0
LopeDeVega_688	1	0	0	0	0
LopeDeVega_689	0	1	0	1	0
LopeDeVega_69	0	1	0	1	0
LopeDeVega_690	1	1	0	1	0
LopeDeVega_691	1	0	0	0	0
LopeDeVega_693	1	0	0	0	0
LopeDeVega_694	1	3	0	1	0
LopeDeVega_696	1	0	0	0	0
LopeDeVega_697	1	0	0	0	0
LopeDeVega_698	0	1	0	0	0
LopeDeVega_699	1	0	0	0	0
LopeDeVega_700	2	0	0	0	0
LopeDeVega_702	0	0	0	1	0
LopeDeVega_705	1	0	0	0	0
LopeDeVega_707	1	2	1	1	0
LopeDeVega_709	1	0	0	0	0
LopeDeVega_710	1	0	0	0	0
LopeDeVega_711	2	0	0	0	0
LopeDeVega_712	1	0	0	0	0
LopeDeVega_713	2	0	0	0	0
LopeDeVega_714	1	0	0	0	0
LopeDeVega_715	1	0	0	0	0
LopeDeVega_716	1	1	0	0	0
LopeDeVega_717	1	0	0	0	0
LopeDeVega_718	1	0	0	0	0
LopeDeVega_719	0	1	0	0	0
LopeDeVega_72	1	0	0	0	0
LopeDeVega_720	1	1	0	1	0
LopeDeVega_721	1	0	0	0	0
LopeDeVega_722	0	1	0	0	0
LopeDeVega_724	0	0	0	1	0
LopeDeVega_725	0	1	0	1	0
LopeDeVega_726	2	2	0	1	0
LopeDeVega_729	1	0	0	0	0
LopeDeVega_73	1	0	0	0	0
LopeDeVega_730	0	1	0	1	0
LopeDeVega_731	0	1	0	0	0
LopeDeVega_733	0	1	0	1	0
LopeDeVega_736	1	0	0	0	0
LopeDeVega_737	0	1	1	0	0
LopeDeVega_738	2	2	0	1	0
LopeDeVega_739	1	0	0	0	0
LopeDeVega_740	1	0	0	0	0
LopeDeVega_741	0	1	0	0	0
LopeDeVega_743	1	0	0	0	0
LopeDeVega_744	1	0	0	0	0
LopeDeVega_745	0	0	1	1	0
LopeDeVega_746	1	1	0	1	0
LopeDeVega_748	2	0	0	0	0
LopeDeVega_75	0	1	0	0	0
LopeDeVega_753	1	0	0	0	0
LopeDeVega_754	0	3	1	2	0
LopeDeVega_756	1	0	0	0	0
LopeDeVega_757	1	1	0	0	0
LopeDeVega_758	2	0	0	0	0
LopeDeVega_759	3	0	0	0	0
LopeDeVega_766	3	0	1	0	0
LopeDeVega_767	3	2	1	1	1
LopeDeVega_769	2	2	0	1	0
LopeDeVega_77	1	1	0	1	0
LopeDeVega_770	2	2	0	1	0
LopeDeVega_771	0	1	0	0	0
LopeDeVega_772	2	0	0	0	0
LopeDeVega_773	0	0	2	1	1
LopeDeVega_774	0	2	0	0	0
LopeDeVega_775	2	0	0	0	0
LopeDeVega_776	1	0	0	0	0
LopeDeVega_778	0	0	1	0	0
LopeDeVega_779	0	0	1	0	0
LopeDeVega_78	0	1	0	0	0
LopeDeVega_780	0	0	0	2	0
LopeDeVega_781	1	0	0	0	0
LopeDeVega_783	0	2	1	0	1
LopeDeVega_784	2	1	1	1	0
LopeDeVega_785	1	1	0	1	0
LopeDeVega_786	2	0	0	0	0
LopeDeVega_788	0	1	0	1	0
LopeDeVega_79	2	0	0	0	0
LopeDeVega_791	0	1	0	0	0
LopeDeVega_793	1	1	1	0	1
LopeDeVega_794	1	1	1	0	1
LopeDeVega_798	2	1	1	0	1
LopeDeVega_8	1	0	0	0	0
LopeDeVega_802	1	0	0	0	0
LopeDeVega_803	1	0	0	0	0
LopeDeVega_804	0	0	1	0	0
LopeDeVega_805	1	0	0	0	0
LopeDeVega_807	0	1	0	0	0
LopeDeVega_81	1	1	0	1	0
LopeDeVega_810	2	0	0	0	0
LopeDeVega_813	1	0	0	0	0
LopeDeVega_814	0	1	0	1	0
LopeDeVega_815	2	0	0	0	0
LopeDeVega_816	2	0	0	0	0
LopeDeVega_818	2	1	0	1	0
LopeDeVega_82	1	0	0	0	0
LopeDeVega_824	1	0	0	0	0
LopeDeVega_825	3	0	0	0	0
LopeDeVega_828	0	1	1	0	1
LopeDeVega_83	2	0	0	0	0
LopeDeVega_830	1	0	0	0	0
LopeDeVega_832	0	1	0	0	0
LopeDeVega_833	5	0	0	0	0
LopeDeVega_835	1	0	0	0	0
LopeDeVega_840	2	0	0	0	0
LopeDeVega_841	2	0	0	0	0
LopeDeVega_842	2	0	1	0	0
LopeDeVega_843	1	0	0	0	0
LopeDeVega_845	1	0	0	0	0
LopeDeVega_847	1	1	0	1	0
LopeDeVega_848	1	0	0	0	0
LopeDeVega_849	1	0	0	0	0
LopeDeVega_850	0	0	1	0	0
LopeDeVega_851	0	1	0	0	0
LopeDeVega_855	1	0	0	0	0
LopeDeVega_856	1	1	0	0	0
LopeDeVega_857	1	0	0	0	0
LopeDeVega_859	1	0	0	0	0
LopeDeVega_86	3	0	0	0	0
LopeDeVega_861	1	0	0	0	0
LopeDeVega_862	1	0	0	0	0
LopeDeVega_866	1	0	0	0	0
LopeDeVega_868	0	1	1	0	1
LopeDeVega_869	0	1	0	0	0
LopeDeVega_870	0	1	0	1	0
LopeDeVega_872	1	0	0	0	0
LopeDeVega_873	2	0	0	0	0
LopeDeVega_874	1	0	0	0	0
LopeDeVega_876	1	1	0	0	0
LopeDeVega_877	0	0	1	0	0
LopeDeVega_878	1	0	1	0	0
LopeDeVega_880	1	1	1	0	1
LopeDeVega_881	0	2	0	0	0
LopeDeVega_884	1	0	0	0	0
LopeDeVega_885	1	0	0	0	0
LopeDeVega_888	1	0	0	0	0
LopeDeVega_889	1	1	0	0	0
LopeDeVega_890	1	1	0	1	0
LopeDeVega_895	1	0	0	0	0
LopeDeVega_9	0	1	0	0	0
LopeDeVega_90	1	1	0	1	0
LopeDeVega_900	0	1	0	1	0
LopeDeVega_904	1	0	0	0	0
LopeDeVega_907	1	3	1	3	0
LopeDeVega_908	0	1	0	0	0
LopeDeVega_910	1	0	0	0	0
LopeDeVega_911	0	1	0	1	0
LopeDeVega_912	2	1	0	0	0
LopeDeVega_913	1	0	0	0	0
LopeDeVega_914	1	0	0	0	0
LopeDeVega_915	1	0	0	0	0
LopeDeVega_917	1	0	0	0	0
LopeDeVega_918	1	0	0	0	0
LopeDeVega_92	1	0	0	0	0
LopeDeVega_921	2	1	0	1	0
LopeDeVega_922	2	0	1	0	0
LopeDeVega_923	1	0	0	0	0
LopeDeVega_925	0	1	0	2	0
LopeDeVega_926	1	0	0	1	0
LopeDeVega_928	1	0	0	0	0
LopeDeVega_929	1	0	0	0	0
LopeDeVega_93	1	0	0	0	0
LopeDeVega_930	3	0	0	0	0
LopeDeVega_931	2	0	0	0	0
LopeDeVega_933	0	1	0	1	0
LopeDeVega_934	1	0	0	0	0
LopeDeVega_935	2	0	0	0	0
LopeDeVega_936	1	1	0	0	0
LopeDeVega_937	0	1	0	0	0
LopeDeVega_938	2	0	0	0	0
LopeDeVega_939	0	1	0	0	0
LopeDeVega_94	1	0	0	0	0
LopeDeVega_940	4	0	1	0	0
LopeDeVega_941	1	0	0	0	0
LopeDeVega_942	1	1	0	0	0
LopeDeVega_943	0	1	0	1	0
LopeDeVega_948	1	1	0	0	0
LopeDeVega_949	0	1	1	1	0
LopeDeVega_95	1	0	0	0	0
LopeDeVega_950	1	0	0	0	0
LopeDeVega_951	0	0	1	0	0
LopeDeVega_952	1	1	0	1	0
LopeDeVega_955	0	2	0	2	0
LopeDeVega_956	2	0	0	1	0
LopeDeVega_960	1	0	0	0	0
LopeDeVega_961	1	0	0	0	0
LopeDeVega_962	1	0	0	0	0
LopeDeVega_966	2	0	0	0	0
LopeDeVega_969	1	0	0	0	0
LopeDeVega_970	1	0	0	0	0
LopeDeVega_971	2	0	0	0	0
LopeDeVega_974	1	0	0	0	0
LopeDeVega_977	0	1	1	1	0
LopeDeVega_978	1	0	0	0	0
LopeDeVega_979	1	0	0	0	0
LopeDeVega_98	1	0	0	0	0
LopeDeVega_980	0	1	1	0	1
LopeDeVega_981	1	0	0	0	0
LopeDeVega_984	1	0	0	0	0
LopeDeVega_986	2	0	0	1	0
LopeDeVega_987	1	0	0	0	0
LopeDeVega_988	1	0	0	0	0
LopeDeVega_989	0	1	0	1	0
LopeDeVega_990	2	0	0	0	0
LopeDeVega_991	0	0	1	0	0
LopeDeVega_993	1	1	1	1	0
LopeDeVega_995	2	0	0	0	0
LopeDeVega_996	0	1	1	0	1
LopeDeVega_997	1	0	0	0	0
LopeDeVega_998	1	0	0	0	0
LopeDeVega_999	1	0	0	0	0
LopeDeZarate_1	2	0	0	0	0
LopeDeZarate_10	1	0	0	0	0
LopeDeZarate_12	2	0	0	0	0
LopeDeZarate_14	1	0	0	0	0
LopeDeZarate_15	2	0	0	0	0
LopeDeZarate_16	4	0	0	0	0
LopeDeZarate_18	1	1	0	0	0
LopeDeZarate_19	0	1	0	0	0
LopeDeZarate_21	0	0	0	1	0
LopeDeZarate_22	1	0	0	0	0
LopeDeZarate_23	2	0	0	0	0
LopeDeZarate_25	0	0	0	1	0
LopeDeZarate_28	1	0	0	0	0
LopeDeZarate_3	1	0	0	0	0
LopeDeZarate_30	2	0	0	0	0
LopeDeZarate_35	1	1	0	0	0
LopeDeZarate_38	1	0	0	0	0
LopeDeZarate_39	1	0	0	0	0
LopeDeZarate_4	1	0	0	0	0
LopeDeZarate_40	0	1	0	1	0
LopeDeZarate_41	2	0	0	0	0
LopeDeZarate_42	2	0	0	0	0
LopeDeZarate_43	3	0	1	0	0
LopeDeZarate_44	1	0	0	0	0
LopeDeZarate_45	2	0	0	0	0
LopeDeZarate_46	3	1	0	0	0
LopeDeZarate_48	0	0	0	1	0
LopeDeZarate_49	0	0	0	1	0
LopeDeZarate_5	0	1	0	0	0
LopeDeZarate_50	0	0	1	0	0
LopeDeZarate_51	1	0	0	0	0
LopeDeZarate_52	1	1	0	0	0
LopeDeZarate_54	1	0	0	0	0
LopeDeZarate_55	3	0	0	0	0
LopeDeZarate_56	0	1	0	0	0
LopeDeZarate_57	1	1	0	1	0
LopeDeZarate_6	0	0	0	1	0
LopeDeZarate_8	1	0	0	0	0
LopeDeZarate_9	1	0	0	0	0
LopezDeMendoza_1	1	0	0	0	0
LopezDeMendoza_11	1	0	0	0	0
LopezDeMendoza_14	0	1	1	0	0
LopezDeMendoza_15	1	0	0	0	0
LopezDeMendoza_16	1	0	0	0	0
LopezDeMendoza_17	1	0	0	0	0
LopezDeMendoza_22	0	1	0	0	0
LopezDeMendoza_24	1	0	0	0	0
LopezDeMendoza_25	1	0	0	0	0
LopezDeMendoza_26	1	0	0	0	0
LopezDeMendoza_28	0	0	1	0	0
LopezDeMendoza_29	2	0	0	0	0
LopezDeMendoza_3	0	1	0	1	0
LopezDeMendoza_32	1	0	0	0	0
LopezDeMendoza_34	1	0	0	0	0
LopezDeMendoza_35	0	0	0	1	0
LopezDeMendoza_37	2	0	0	0	0
LopezDeMendoza_38	1	0	1	1	0
LopezDeMendoza_39	1	0	0	0	0
LopezDeMendoza_4	1	0	0	0	0
LopezDeMendoza_40	0	0	1	1	0
LopezDeMendoza_5	1	0	0	0	0
LopezDeMendoza_6	0	1	0	0	0
LuisCarrilloySotomayor_1	1	1	1	0	0
LuisCarrilloySotomayor_10	0	0	1	0	0
LuisCarrilloySotomayor_11	0	1	0	1	0
LuisCarrilloySotomayor_12	1	0	0	0	0
LuisCarrilloySotomayor_13	1	0	0	0	0
LuisCarrilloySotomayor_14	1	0	0	0	0
LuisCarrilloySotomayor_15	0	0	1	0	0
LuisCarrilloySotomayor_18	1	0	0	0	0
LuisCarrilloySotomayor_19	1	0	0	0	0
LuisCarrilloySotomayor_21	2	0	0	0	0
LuisCarrilloySotomayor_23	0	3	1	0	0
LuisCarrilloySotomayor_25	0	1	0	1	0
LuisCarrilloySotomayor_26	0	1	0	1	0
LuisCarrilloySotomayor_27	1	1	0	0	0
LuisCarrilloySotomayor_28	1	0	0	0	0
LuisCarrilloySotomayor_29	0	1	0	0	0
LuisCarrilloySotomayor_3	1	0	0	0	0
LuisCarrilloySotomayor_31	1	0	0	0	0
LuisCarrilloySotomayor_32	2	0	0	0	0
LuisCarrilloySotomayor_33	1	0	0	0	0
LuisCarrilloySotomayor_34	1	0	0	0	0
LuisCarrilloySotomayor_35	0	1	0	0	0
LuisCarrilloySotomayor_37	0	0	0	1	0
LuisCarrilloySotomayor_38	1	0	0	0	0
LuisCarrilloySotomayor_39	1	2	0	1	0
LuisCarrilloySotomayor_4	3	0	0	0	0
LuisCarrilloySotomayor_40	1	0	0	0	0
LuisCarrilloySotomayor_43	1	0	0	0	0
LuisCarrilloySotomayor_44	1	0	0	0	0
LuisCarrilloySotomayor_45	0	2	0	0	0
LuisCarrilloySotomayor_46	1	0	0	0	0
LuisCarrilloySotomayor_47	1	0	0	0	0
LuisCarrilloySotomayor_49	1	0	0	0	0
LuisCarrilloySotomayor_7	0	2	0	1	0
LuisCarrilloySotomayor_8	2	0	0	0	0
LuisCarrilloySotomayor_9	2	0	0	0	0
LuisDeUlloaYPereira_1	0	1	0	1	0
LuisDeUlloaYPereira_10	1	0	0	0	0
LuisDeUlloaYPereira_102	0	1	1	1	0
LuisDeUlloaYPereira_103	2	0	0	0	0
LuisDeUlloaYPereira_105	0	2	1	1	1
LuisDeUlloaYPereira_106	0	1	1	0	0
LuisDeUlloaYPereira_14	1	1	1	1	0
LuisDeUlloaYPereira_17	0	1	0	1	0
LuisDeUlloaYPereira_19	1	1	0	0	0
LuisDeUlloaYPereira_2	1	0	0	0	0
LuisDeUlloaYPereira_20	1	0	0	0	0
LuisDeUlloaYPereira_21	1	0	0	0	0
LuisDeUlloaYPereira_22	2	0	0	0	0
LuisDeUlloaYPereira_23	0	1	1	1	0
LuisDeUlloaYPereira_25	1	0	0	1	0
LuisDeUlloaYPereira_27	1	0	0	0	0
LuisDeUlloaYPereira_28	1	1	0	0	0
LuisDeUlloaYPereira_3	1	0	0	0	0
LuisDeUlloaYPereira_30	1	1	0	1	0
LuisDeUlloaYPereira_31	3	0	1	0	0
LuisDeUlloaYPereira_32	1	0	0	0	0
LuisDeUlloaYPereira_33	2	0	0	0	0
LuisDeUlloaYPereira_34	1	0	0	0	0
LuisDeUlloaYPereira_35	0	1	0	1	0
LuisDeUlloaYPereira_38	0	0	1	1	0
LuisDeUlloaYPereira_39	1	0	0	0	0
LuisDeUlloaYPereira_4	0	1	0	0	0
LuisDeUlloaYPereira_41	0	0	0	0	1
LuisDeUlloaYPereira_42	0	1	1	1	0
LuisDeUlloaYPereira_44	1	0	0	0	0
LuisDeUlloaYPereira_45	0	2	0	1	0
LuisDeUlloaYPereira_46	0	2	3	2	0
LuisDeUlloaYPereira_47	0	1	1	0	0
LuisDeUlloaYPereira_5	1	1	1	0	1
LuisDeUlloaYPereira_50	0	0	1	1	0
LuisDeUlloaYPereira_51	1	0	0	0	0
LuisDeUlloaYPereira_53	0	2	0	0	0
LuisDeUlloaYPereira_55	0	1	1	1	0
LuisDeUlloaYPereira_58	1	0	0	0	0
LuisDeUlloaYPereira_59	1	0	0	0	0
LuisDeUlloaYPereira_60	0	2	1	2	0
LuisDeUlloaYPereira_63	0	1	0	1	0
LuisDeUlloaYPereira_65	1	0	0	0	0
LuisDeUlloaYPereira_66	1	0	0	0	0
LuisDeUlloaYPereira_68	1	2	0	1	0
LuisDeUlloaYPereira_7	2	0	0	0	0
LuisDeUlloaYPereira_70	1	1	1	0	0
LuisDeUlloaYPereira_72	0	0	0	1	0
LuisDeUlloaYPereira_73	0	0	1	1	0
LuisDeUlloaYPereira_74	1	1	0	1	0
LuisDeUlloaYPereira_75	2	0	0	0	0
LuisDeUlloaYPereira_76	0	2	1	2	0
LuisDeUlloaYPereira_79	1	0	0	0	0
LuisDeUlloaYPereira_8	0	1	0	1	0
LuisDeUlloaYPereira_81	1	1	0	1	0
LuisDeUlloaYPereira_82	1	0	0	0	0
LuisDeUlloaYPereira_83	1	0	0	1	0
LuisDeUlloaYPereira_86	0	1	0	1	0
LuisDeUlloaYPereira_87	0	0	1	0	0
LuisDeUlloaYPereira_88	1	0	0	0	0
LuisDeUlloaYPereira_9	0	1	0	2	0
LuisDeUlloaYPereira_90	2	0	0	0	0
LuisDeUlloaYPereira_92	2	0	0	0	0
LuisDeUlloaYPereira_94	0	1	0	0	0
LuisDeUlloaYPereira_95	1	0	0	0	0
LuisMartinDeLaPlaza_1	2	0	0	0	0
LuisMartinDeLaPlaza_11	1	1	0	0	0
LuisMartinDeLaPlaza_12	0	1	0	1	0
LuisMartinDeLaPlaza_13	1	1	0	1	0
LuisMartinDeLaPlaza_17	1	0	0	0	0
LuisMartinDeLaPlaza_18	1	0	0	0	0
LuisMartinDeLaPlaza_2	1	1	0	0	0
LuisMartinDeLaPlaza_4	1	2	0	1	0
LuisMartinDeLaPlaza_5	1	0	0	0	0
LuisMartinDeLaPlaza_8	3	0	0	0	0
MiraDeAmescua_10	1	0	1	1	1
MiraDeAmescua_11	0	1	0	0	0
MiraDeAmescua_13	1	0	0	0	0
MiraDeAmescua_14	1	1	0	1	0
MiraDeAmescua_16	2	0	0	0	0
MiraDeAmescua_17	2	0	0	0	0
MiraDeAmescua_19	1	0	0	0	0
MiraDeAmescua_2	1	0	0	0	0
MiraDeAmescua_22	1	1	0	1	0
MiraDeAmescua_23	1	0	0	0	0
MiraDeAmescua_25	0	1	0	0	0
MiraDeAmescua_26	1	0	0	0	0
MiraDeAmescua_28	0	0	0	1	0
MiraDeAmescua_29	1	0	0	0	0
MiraDeAmescua_30	1	1	0	1	0
MiraDeAmescua_31	1	1	1	0	1
MiraDeAmescua_32	2	0	0	0	0
MiraDeAmescua_4	1	1	0	0	0
MiraDeAmescua_5	1	0	0	0	0
MiraDeAmescua_6	1	0	0	1	0
MiraDeAmescua_8	1	0	1	0	0
MiraDeAmescua_9	0	1	0	0	0
PantaleonDeRibera_1	2	1	0	0	0
PantaleonDeRibera_10	1	0	0	0	0
PantaleonDeRibera_11	1	0	0	0	0
PantaleonDeRibera_13	1	1	1	1	0
PantaleonDeRibera_14	1	0	0	0	0
PantaleonDeRibera_16	1	0	0	0	0
PantaleonDeRibera_17	2	0	0	0	0
PantaleonDeRibera_2	3	0	0	0	0
PantaleonDeRibera_3	1	0	1	0	0
PantaleonDeRibera_8	3	0	0	0	0
PantaleonDeRibera_9	1	0	0	0	0
PedroDePadilla_11	1	0	0	0	0
PedroDePadilla_12	3	1	0	1	0
PedroDePadilla_13	1	0	0	0	0
PedroDePadilla_16	1	0	0	0	0
PedroDePadilla_17	0	1	0	0	0
PedroDePadilla_18	1	0	0	0	0
PedroDePadilla_20	1	1	0	1	0
PedroDePadilla_21	1	0	0	0	0
PedroDePadilla_22	2	0	0	0	0
PedroDePadilla_24	1	0	0	0	0
PedroDePadilla_26	1	0	0	0	0
PedroDePadilla_27	2	0	0	0	0
PedroDePadilla_29	1	0	0	0	0
PedroDePadilla_3	2	0	0	0	0
PedroDePadilla_30	1	0	0	0	0
PedroDePadilla_33	1	0	0	0	0
PedroDePadilla_34	0	3	0	1	0
PedroDePadilla_36	1	2	1	3	0
PedroDePadilla_37	1	0	0	0	0
PedroDePadilla_39	1	0	0	0	0
PedroDePadilla_40	2	0	0	0	0
PedroDePadilla_43	2	0	0	0	0
PedroDePadilla_6	0	0	1	0	0
PedroDePadilla_7	1	1	0	1	0
PedroDePadilla_8	0	1	0	0	0
PedroDePadilla_9	1	0	0	0	0
PedroEspinosa_1	1	0	0	0	0
PedroEspinosa_11	0	1	0	0	0
PedroEspinosa_13	0	1	0	0	0
PedroEspinosa_15	1	0	0	0	0
PedroEspinosa_17	0	1	0	0	0
PedroEspinosa_18	2	0	0	0	0
PedroEspinosa_19	1	1	0	0	0
PedroEspinosa_2	0	0	0	1	0
PedroEspinosa_5	1	0	0	0	0
PedroEspinosa_6	0	1	1	0	0
PedroEspinosa_7	0	1	0	0	0
PedroEspinosa_8	1	0	0	0	0
PedroEspinosa_9	1	0	0	0	0
PedroSotoDeRojas_1	0	0	1	1	0
PedroSotoDeRojas_100	2	1	0	1	0
PedroSotoDeRojas_101	0	0	1	0	0
PedroSotoDeRojas_102	1	0	0	0	0
PedroSotoDeRojas_103	1	0	0	0	0
PedroSotoDeRojas_106	2	0	0	0	0
PedroSotoDeRojas_108	1	2	1	1	1
PedroSotoDeRojas_11	0	0	0	1	0
PedroSotoDeRojas_111	1	0	1	0	0
PedroSotoDeRojas_112	0	1	0	0	0
PedroSotoDeRojas_113	1	0	0	0	0
PedroSotoDeRojas_114	0	1	0	0	0
PedroSotoDeRojas_117	0	0	1	0	0
PedroSotoDeRojas_118	1	0	0	0	0
PedroSotoDeRojas_12	1	0	0	0	0
PedroSotoDeRojas_120	1	1	0	0	0
PedroSotoDeRojas_121	0	1	1	1	0
PedroSotoDeRojas_123	1	0	0	0	0
PedroSotoDeRojas_124	1	0	0	0	0
PedroSotoDeRojas_13	1	0	0	1	0
PedroSotoDeRojas_15	0	1	0	1	0
PedroSotoDeRojas_16	0	0	1	0	0
PedroSotoDeRojas_17	1	0	1	0	0
PedroSotoDeRojas_2	3	0	0	0	0
PedroSotoDeRojas_21	1	0	0	0	0
PedroSotoDeRojas_22	1	0	0	0	0
PedroSotoDeRojas_24	0	2	1	1	0
PedroSotoDeRojas_26	1	0	0	0	0
PedroSotoDeRojas_27	2	0	0	0	0
PedroSotoDeRojas_28	1	1	0	0	0
PedroSotoDeRojas_29	1	0	0	0	0
PedroSotoDeRojas_30	1	0	0	0	0
PedroSotoDeRojas_32	1	0	0	0	0
PedroSotoDeRojas_33	1	0	1	0	0
PedroSotoDeRojas_34	1	0	0	0	0
PedroSotoDeRojas_35	2	0	0	0	0
PedroSotoDeRojas_39	1	0	0	0	0
PedroSotoDeRojas_4	1	0	0	0	0
PedroSotoDeRojas_40	1	0	0	0	0
PedroSotoDeRojas_42	0	1	0	0	0
PedroSotoDeRojas_43	0	1	0	0	0
PedroSotoDeRojas_49	1	1	0	1	0
PedroSotoDeRojas_50	2	0	0	0	0
PedroSotoDeRojas_53	1	0	0	0	0
PedroSotoDeRojas_54	1	0	0	0	0
PedroSotoDeRojas_55	2	0	0	0	0
PedroSotoDeRojas_56	2	0	0	1	0
PedroSotoDeRojas_57	1	0	0	0	0
PedroSotoDeRojas_60	2	0	0	0	0
PedroSotoDeRojas_61	2	0	0	0	0
PedroSotoDeRojas_62	1	0	0	0	0
PedroSotoDeRojas_63	1	1	0	1	0
PedroSotoDeRojas_67	1	0	0	0	0
PedroSotoDeRojas_7	0	0	0	1	0
PedroSotoDeRojas_70	0	1	0	0	0
PedroSotoDeRojas_71	1	0	0	0	0
PedroSotoDeRojas_72	3	1	0	0	0
PedroSotoDeRojas_73	2	0	0	0	0
PedroSotoDeRojas_74	1	0	0	0	0
PedroSotoDeRojas_76	2	0	0	0	0
PedroSotoDeRojas_77	0	2	0	1	0
PedroSotoDeRojas_78	0	1	1	0	1
PedroSotoDeRojas_79	0	1	0	1	0
PedroSotoDeRojas_80	1	0	0	0	0
PedroSotoDeRojas_81	1	1	0	1	0
PedroSotoDeRojas_82	0	1	0	0	0
PedroSotoDeRojas_84	1	0	0	0	0
PedroSotoDeRojas_87	0	1	0	0	0
PedroSotoDeRojas_91	0	2	2	0	1
PedroSotoDeRojas_92	1	0	1	0	0
PedroSotoDeRojas_93	1	2	0	0	0
PedroSotoDeRojas_94	1	0	0	0	0
PedroSotoDeRojas_96	1	0	0	1	0
PedroSotoDeRojas_97	1	0	0	0	0
PedroSotoDeRojas_98	1	0	0	0	0
PoloDeMedina_1	1	0	0	0	0
PoloDeMedina_12	0	1	0	1	0
PoloDeMedina_14	1	0	0	0	0
PoloDeMedina_15	2	1	0	0	0
PoloDeMedina_19	1	1	0	1	0
PoloDeMedina_2	0	1	0	0	0
PoloDeMedina_20	1	0	0	0	0
PoloDeMedina_21	0	1	1	1	0
PoloDeMedina_3	1	1	0	0	0
PoloDeMedina_4	1	0	0	0	0
PoloDeMedina_5	0	2	1	2	0
PoloDeMedina_6	2	0	0	0	0
PoloDeMedina_7	2	0	0	0	0
PoloDeMedina_8	2	0	1	0	0
PoloDeMedina_9	2	0	0	0	0
Quevedo_100	2	0	0	0	0
Quevedo_101	1	0	0	0	0
Quevedo_102	1	0	0	0	0
Quevedo_103	3	0	0	0	0
Quevedo_106	1	2	1	2	0
Quevedo_109	0	0	0	1	0
Quevedo_11	1	1	0	0	0
Quevedo_111	0	1	0	0	0
Quevedo_112	0	0	0	1	0
Quevedo_113	3	1	0	0	0
Quevedo_114	1	0	0	0	0
Quevedo_116	2	1	0	0	0
Quevedo_117	3	0	0	0	0
Quevedo_12	3	0	0	0	0
Quevedo_120	1	0	0	0	0
Quevedo_122	0	1	0	1	0
Quevedo_124	0	0	1	0	0
Quevedo_125	1	0	0	0	0
Quevedo_126	1	0	0	0	0
Quevedo_127	1	2	1	1	0
Quevedo_128	2	0	0	0	0
Quevedo_129	1	0	0	0	0
Quevedo_131	2	0	0	0	0
Quevedo_133	1	0	0	1	0
Quevedo_134	1	0	0	0	0
Quevedo_135	1	0	0	0	0
Quevedo_137	2	1	0	1	0
Quevedo_138	1	0	0	0	0
Quevedo_140	1	1	0	0	0
Quevedo_141	1	1	0	1	0
Quevedo_142	1	0	0	2	0
Quevedo_144	1	0	0	0	0
Quevedo_145	1	1	0	2	0
Quevedo_146	2	0	0	0	0
Quevedo_148	0	1	0	0	0
Quevedo_149	1	0	0	0	0
Quevedo_15	1	0	0	0	0
Quevedo_150	1	0	0	0	0
Quevedo_152	0	0	1	1	0
Quevedo_153	1	0	0	0	0
Quevedo_154	2	0	0	0	0
Quevedo_155	1	0	0	0	0
Quevedo_156	1	0	0	0	0
Quevedo_157	1	2	0	1	0
Quevedo_158	2	0	0	0	0
Quevedo_159	1	0	0	0	0
Quevedo_16	2	0	0	0	0
Quevedo_160	1	0	0	0	0
Quevedo_162	1	0	0	0	0
Quevedo_163	2	1	0	1	0
Quevedo_164	0	1	0	1	0
Quevedo_169	0	0	1	1	0
Quevedo_170	2	0	0	1	1
Quevedo_173	0	1	0	0	0
Quevedo_174	0	1	1	0	0
Quevedo_177	1	0	0	0	0
Quevedo_179	1	0	0	0	0
Quevedo_182	1	1	0	1	0
Quevedo_184	1	0	0	0	0
Quevedo_185	0	0	0	1	1
Quevedo_186	0	1	0	0	0
Quevedo_187	1	0	0	0	0
Quevedo_189	1	0	0	0	0
Quevedo_19	1	0	0	0	0
Quevedo_191	0	1	0	0	0
Quevedo_192	0	2	0	1	0
Quevedo_195	2	0	0	0	0
Quevedo_196	1	0	0	0	0
Quevedo_199	1	0	0	0	0
Quevedo_201	1	0	0	0	0
Quevedo_204	0	0	0	2	0
Quevedo_206	2	0	0	0	0
Quevedo_207	3	0	0	0	0
Quevedo_21	1	0	0	0	0
Quevedo_210	1	0	1	0	0
Quevedo_211	2	1	1	0	1
Quevedo_212	0	0	0	1	0
Quevedo_213	1	0	0	0	0
Quevedo_216	0	1	0	0	0
Quevedo_217	1	0	0	0	0
Quevedo_218	3	1	0	0	0
Quevedo_219	0	0	1	0	0
Quevedo_22	1	0	1	2	0
Quevedo_220	1	0	0	0	0
Quevedo_221	2	0	0	0	0
Quevedo_223	1	0	0	0	0
Quevedo_225	0	1	0	0	0
Quevedo_23	1	1	1	0	0
Quevedo_230	1	0	0	0	0
Quevedo_231	3	0	0	0	0
Quevedo_234	0	1	1	1	1
Quevedo_238	1	0	1	0	0
Quevedo_24	1	0	0	0	0
Quevedo_240	1	0	0	0	0
Quevedo_245	1	0	0	0	0
Quevedo_247	1	1	0	1	0
Quevedo_249	2	0	0	0	0
Quevedo_25	1	1	0	0	0
Quevedo_250	0	0	0	0	1
Quevedo_251	1	1	0	1	0
Quevedo_252	0	2	1	1	0
Quevedo_253	0	1	0	1	0
Quevedo_255	1	0	0	0	0
Quevedo_26	0	0	0	1	0
Quevedo_260	1	0	0	0	0
Quevedo_264	0	0	1	0	0
Quevedo_268	0	0	0	0	1
Quevedo_269	1	0	0	0	0
Quevedo_274	0	1	0	0	0
Quevedo_276	1	0	0	0	0
Quevedo_277	1	1	0	0	0
Quevedo_278	0	1	0	1	1
Quevedo_28	2	0	0	0	0
Quevedo_280	1	0	0	0	0
Quevedo_281	1	0	0	0	0
Quevedo_283	2	1	0	0	0
Quevedo_286	2	0	0	0	0
Quevedo_289	0	0	0	0	1
Quevedo_290	1	0	0	0	0
Quevedo_291	1	1	0	0	0
Quevedo_295	2	0	0	0	0
Quevedo_303	1	0	0	0	0
Quevedo_304	0	0	1	1	1
Quevedo_305	1	1	0	0	0
Quevedo_306	1	0	0	0	0
Quevedo_307	1	0	0	0	0
Quevedo_308	2	0	0	0	0
Quevedo_309	1	0	0	1	0
Quevedo_310	0	0	1	0	0
Quevedo_311	0	1	0	1	0
Quevedo_312	2	0	1	2	0
Quevedo_313	1	0	0	0	0
Quevedo_314	1	0	0	1	0
Quevedo_316	1	0	0	0	0
Quevedo_317	1	0	0	0	0
Quevedo_321	1	1	2	1	1
Quevedo_322	1	0	0	0	0
Quevedo_323	1	1	1	1	0
Quevedo_324	0	0	0	1	0
Quevedo_325	0	0	0	1	0
Quevedo_326	3	0	0	0	0
Quevedo_328	1	2	0	0	0
Quevedo_329	1	2	0	1	0
Quevedo_330	0	0	1	2	0
Quevedo_331	5	0	0	0	0
Quevedo_332	1	0	0	0	0
Quevedo_338	3	1	0	0	0
Quevedo_339	1	0	0	0	0
Quevedo_34	1	0	0	0	0
Quevedo_342	0	2	0	2	0
Quevedo_343	2	0	0	0	0
Quevedo_344	2	0	0	1	0
Quevedo_345	1	1	0	1	0
Quevedo_346	1	1	0	0	0
Quevedo_347	0	1	0	0	0
Quevedo_348	1	1	0	0	0
Quevedo_349	0	1	0	1	0
Quevedo_351	0	1	0	0	0
Quevedo_354	1	0	0	0	0
Quevedo_355	0	1	0	0	0
Quevedo_357	1	0	0	0	0
Quevedo_358	1	1	1	0	1
Quevedo_359	1	1	0	0	0
Quevedo_36	1	2	0	1	0
Quevedo_360	2	0	0	0	0
Quevedo_362	1	0	0	0	0
Quevedo_363	1	0	0	1	0
Quevedo_364	2	1	0	1	0
Quevedo_365	1	2	0	1	0
Quevedo_366	1	1	0	0	0
Quevedo_367	1	0	0	0	0
Quevedo_368	1	0	0	0	0
Quevedo_369	1	0	0	0	0
Quevedo_37	2	3	1	0	1
Quevedo_372	1	0	0	0	0
Quevedo_373	0	1	0	1	0
Quevedo_374	1	0	0	0	0
Quevedo_375	1	0	0	0	0
Quevedo_376	0	1	0	0	0
Quevedo_379	1	1	0	0	0
Quevedo_38	1	0	0	0	0
Quevedo_380	0	1	1	0	0
Quevedo_383	0	1	0	0	0
Quevedo_384	1	0	0	0	0
Quevedo_385	2	0	0	0	0
Quevedo_386	0	1	0	1	0
Quevedo_388	0	1	0	0	0
Quevedo_39	2	1	0	0	0
Quevedo_390	2	0	0	0	0
Quevedo_391	1	0	0	0	0
Quevedo_393	2	0	0	0	0
Quevedo_399	0	0	0	1	0
Quevedo_4	0	1	0	1	0
Quevedo_40	1	1	0	0	0
Quevedo_400	0	0	1	1	0
Quevedo_401	1	0	0	0	0
Quevedo_404	1	2	0	1	0
Quevedo_405	0	0	0	1	0
Quevedo_409	0	1	0	0	0
Quevedo_410	0	1	0	0	0
Quevedo_416	1	0	0	0	0
Quevedo_417	1	1	0	0	0
Quevedo_418	1	1	0	1	0
Quevedo_419	1	0	0	0	0
Quevedo_421	2	0	0	0	0
Quevedo_422	1	0	0	0	0
Quevedo_426	0	1	0	0	0
Quevedo_427	1	0	0	0	0
Quevedo_428	0	0	0	1	0
Quevedo_429	1	0	0	0	0
Quevedo_43	0	2	1	2	0
Quevedo_430	0	1	1	0	0
Quevedo_432	1	0	0	0	0
Quevedo_434	1	0	0	0	0
Quevedo_435	2	0	0	0	0
Quevedo_436	1	0	0	0	0
Quevedo_437	0	1	0	1	0
Quevedo_443	1	0	1	1	1
Quevedo_444	1	0	0	0	0
Quevedo_445	1	1	0	0	0
Quevedo_446	2	0	0	0	0
Quevedo_450	0	1	0	0	0
Quevedo_452	1	1	0	0	0
Quevedo_454	0	1	1	1	0
Quevedo_455	1	0	0	0	0
Quevedo_456	2	0	0	0	0
Quevedo_457	1	0	0	0	0
Quevedo_458	0	1	0	0	0
Quevedo_459	1	1	0	1	0
Quevedo_46	2	0	0	0	0
Quevedo_460	1	1	0	0	0
Quevedo_461	0	1	0	0	0
Quevedo_462	1	0	0	0	0
Quevedo_463	1	0	0	0	0
Quevedo_465	0	0	1	0	0
Quevedo_467	0	2	0	1	0
Quevedo_47	1	0	0	0	0
Quevedo_470	1	1	0	0	0
Quevedo_471	0	0	0	0	1
Quevedo_472	2	0	0	0	0
Quevedo_474	1	0	0	0	0
Quevedo_476	1	0	0	0	0
Quevedo_477	1	2	0	1	0
Quevedo_478	0	1	1	1	0
Quevedo_48	0	1	0	0	0
Quevedo_480	2	0	0	0	0
Quevedo_481	2	0	0	0	0
Quevedo_482	2	1	0	0	0
Quevedo_483	1	0	0	0	0
Quevedo_485	2	0	0	0	0
Quevedo_487	0	0	0	1	0
Quevedo_490	0	0	1	1	0
Quevedo_491	0	1	0	0	0
Quevedo_494	1	1	0	1	0
Quevedo_496	3	0	0	0	0
Quevedo_497	2	0	0	0	0
Quevedo_498	0	0	0	1	0
Quevedo_499	0	1	0	0	0
Quevedo_5	2	0	0	0	0
Quevedo_50	1	0	0	0	0
Quevedo_501	0	0	0	1	0
Quevedo_503	1	0	0	0	0
Quevedo_504	2	0	0	0	0
Quevedo_505	2	0	0	1	0
Quevedo_506	0	1	0	1	0
Quevedo_507	0	1	0	1	0
Quevedo_508	2	1	0	1	1
Quevedo_509	1	0	0	0	0
Quevedo_51	2	1	0	0	0
Quevedo_510	1	0	0	0	0
Quevedo_511	0	1	0	0	0
Quevedo_515	1	0	0	0	0
Quevedo_516	0	1	0	1	0
Quevedo_54	1	0	0	0	0
Quevedo_55	1	0	0	0	0
Quevedo_57	2	0	0	0	0
Quevedo_58	2	0	0	0	0
Quevedo_59	1	1	0	0	0
Quevedo_61	1	1	0	0	0
Quevedo_62	0	1	1	1	0
Quevedo_64	0	1	0	0	0
Quevedo_66	0	0	0	1	0
Quevedo_68	1	1	0	1	0
Quevedo_69	2	1	0	0	0
Quevedo_72	1	0	0	0	0
Quevedo_73	1	0	0	0	0
Quevedo_74	1	0	0	0	0
Quevedo_75	0	0	1	1	0
Quevedo_77	3	0	0	0	0
Quevedo_78	1	0	0	1	0
Quevedo_79	1	0	0	0	0
Quevedo_81	3	0	1	0	0
Quevedo_82	1	0	0	0	0
Quevedo_85	1	1	0	0	0
Quevedo_86	1	0	0	0	0
Quevedo_88	2	1	0	1	0
Quevedo_89	1	0	0	0	0
Quevedo_9	0	1	0	1	0
Quevedo_90	1	0	0	0	0
Quevedo_91	0	1	0	1	0
Quevedo_92	1	0	0	0	0
Quevedo_94	1	1	0	0	0
Quevedo_95	2	1	0	0	0
Quevedo_97	0	0	1	0	0
Quevedo_98	1	0	0	0	0
ReyDeArtieda_10	1	1	0	1	0
ReyDeArtieda_11	1	0	0	0	0
ReyDeArtieda_3	0	0	1	0	0
ReyDeArtieda_6	1	0	0	0	0
TirsoDeMolina_1	0	0	1	1	0
TirsoDeMolina_10	1	0	0	0	0
TirsoDeMolina_14	0	0	0	1	0
TirsoDeMolina_16	1	0	1	0	0
TirsoDeMolina_17	1	0	0	0	0
TirsoDeMolina_18	1	0	0	0	0
TirsoDeMolina_19	0	0	0	1	0
TirsoDeMolina_2	0	1	1	0	0
TirsoDeMolina_21	1	0	0	0	0
TirsoDeMolina_25	0	0	1	0	0
TirsoDeMolina_26	2	0	0	0	0
TirsoDeMolina_27	1	0	0	0	0
TirsoDeMolina_3	2	0	0	0	0
TirsoDeMolina_30	0	1	1	1	0
TirsoDeMolina_31	2	0	0	0	0
TirsoDeMolina_32	0	0	0	1	0
TirsoDeMolina_33	1	0	0	0	0
TirsoDeMolina_35	2	0	0	0	0
TirsoDeMolina_37	1	0	0	0	0
TirsoDeMolina_38	0	0	0	1	0
TirsoDeMolina_39	0	1	0	0	0
TirsoDeMolina_4	1	0	0	0	0
TirsoDeMolina_40	0	1	0	1	0
TirsoDeMolina_43	0	1	0	1	0
TirsoDeMolina_45	1	0	0	0	0
TirsoDeMolina_46	1	1	1	1	0
TirsoDeMolina_47	1	0	0	0	0
TirsoDeMolina_49	1	0	0	0	0
TirsoDeMolina_5	1	0	0	0	0
TirsoDeMolina_52	1	0	1	0	0
TirsoDeMolina_53	1	0	0	0	0
TirsoDeMolina_55	1	0	0	0	0
TirsoDeMolina_56	2	1	0	0	0
TirsoDeMolina_6	1	1	0	0	0
TrilloYFigueroa_1	1	1	0	0	0
TrilloYFigueroa_11	1	0	0	0	0
TrilloYFigueroa_13	1	1	1	1	0
TrilloYFigueroa_14	1	0	0	0	0
TrilloYFigueroa_15	1	0	0	0	0
TrilloYFigueroa_17	0	1	0	1	0
TrilloYFigueroa_18	0	1	0	0	0
TrilloYFigueroa_19	0	1	0	0	0
TrilloYFigueroa_20	1	0	0	0	0
TrilloYFigueroa_22	1	1	0	1	0
TrilloYFigueroa_23	1	0	0	0	0
TrilloYFigueroa_24	0	1	1	0	0
TrilloYFigueroa_25	1	0	0	1	0
TrilloYFigueroa_26	1	0	0	0	0
TrilloYFigueroa_27	1	0	0	0	0
TrilloYFigueroa_28	1	0	0	1	0
TrilloYFigueroa_30	0	1	0	0	0
TrilloYFigueroa_31	2	0	0	0	0
TrilloYFigueroa_32	1	0	0	0	0
TrilloYFigueroa_35	1	0	0	0	0
TrilloYFigueroa_39	1	0	0	0	0
TrilloYFigueroa_4	0	0	0	1	0
TrilloYFigueroa_41	1	0	0	0	0
TrilloYFigueroa_42	1	0	0	0	0
TrilloYFigueroa_44	1	0	2	0	0
TrilloYFigueroa_45	1	0	0	0	0
TrilloYFigueroa_46	1	0	0	0	0
TrilloYFigueroa_47	0	1	0	0	0
TrilloYFigueroa_48	1	1	0	0	0
TrilloYFigueroa_8	2	0	0	0	0
TrilloYFigueroa_9	0	0	0	1	0
s001g_0001	2	0	0	0	0
s002g_0003	0	1	0	1	0
s003g_0004	1	2	0	1	0
s003g_0005	0	2	0	0	0
s003g_0006	1	0	0	0	0
s003g_0008	2	1	0	0	0
s003g_0009	0	1	0	0	0
s003g_0010	1	0	0	0	0
s003g_0011	3	0	0	1	0
s004g_0012_01	2	0	0	0	0
s004g_0012_02	1	0	0	0	0
s004g_0012_03	1	0	0	0	0
s007g_0015	0	1	0	1	0
s008g_0016	1	0	0	0	0
s012g_0021	0	1	0	0	0
s012g_0022	1	0	0	0	0
s012g_0023	1	0	0	0	0
s012g_0024	1	2	2	2	0
s013g_0025	1	0	0	0	0
s015g_0027	0	1	0	0	0
s016g_0028	0	1	1	0	1
s019g_0032	1	0	0	0	0
s020g_0034	1	0	0	0	0
s021g_0038	3	0	1	0	0
s021g_0039	1	0	0	0	0
s021g_0040	1	0	0	0	0
s021g_0041	1	0	0	0	0
s023g_0043	3	1	0	0	0
s025g_0046	1	1	0	0	0
s026g_0047	1	0	1	0	0
s026g_0049	0	1	0	0	0
s026g_0050	2	0	1	0	0
s026g_0051	2	0	0	0	0
s027g_0052	1	1	1	1	1
s028g_0053	1	0	0	1	0
s030g_0055	3	0	0	0	0
s032g_0057	0	1	0	0	0
s033g_0058	1	0	0	0	0
s034g_0059	1	0	0	0	0
s035g_0060	1	0	0	0	0
s037g_0062	0	1	0	2	0
s038g_0063	1	0	0	1	0
s039g_0064	1	0	0	0	0
s040g_0065	0	1	0	1	0
s041g_0068	2	0	0	0	0
s042g_0070	2	0	0	0	0
s044g_0088	2	1	0	1	0
s045g_0089	1	0	0	0	0
s046g_0090	1	0	0	0	0
s046g_0092	1	0	0	1	0
s047g_0094	0	2	0	1	0
s048g_0095	1	0	0	0	0
s048g_0096	1	0	0	1	0
s048g_0098	1	0	0	0	0
s050g_0101	1	1	1	0	0
s051g_0103	1	0	1	0	0
s051g_0104	1	0	0	0	0
s051g_0105	1	0	0	0	0
s052g_0106	2	0	0	1	0
s053g_0107	1	0	0	0	0
s054g_0108	1	0	0	0	0
s056g_0111	0	1	0	1	0
s057g_0113	1	0	0	0	0
s058g_0114_01	1	0	1	0	0
s058g_0114_02	0	1	0	0	0
s059g_0115	0	1	1	1	0
s059g_0119	2	0	0	0	0
s063g_0123	1	0	0	0	0
s064g_0124	2	1	0	1	0
s066g_0126	1	0	0	0	0
s068g_0128	1	0	0	0	0
s071g_0131	1	0	0	0	0
s076g_0136	1	0	0	0	0
s077g_0137	3	0	0	0	0
s080g_0140	0	1	0	1	0
s081g_0141	1	0	0	0	0
s082g_0143	0	1	0	0	0
s084g_0145	1	0	0	0	0
s084g_0146	2	0	0	0	0
s085g_0148	2	0	0	0	0
s086g_0149	1	1	0	0	0
s087g_0150	1	0	0	0	0
s088g_0153	2	0	0	0	0
s088g_0156	1	0	0	0	0
s088g_0157	1	0	0	0	0
s088g_0158	1	0	0	0	0
s088g_0159	1	0	0	0	0
s088g_0160	2	0	0	0	0
s090g_0184	2	0	0	0	0
s092g_0186	0	1	0	0	0
s093g_0187	1	0	0	0	0
s094g_0188	0	2	1	0	0
s094g_0189	2	0	0	0	0
s095g_0191	1	0	0	0	0
s096g_0192	1	3	2	3	0
s097g_0193	1	1	0	0	0
s099g_0195	3	0	0	0	0
s100g_0196	0	1	0	1	0
s101g_0197	1	0	0	0	0
s102g_0198	0	1	0	0	0
s104g_0200	1	0	0	0	0
s105g_0205	0	2	1	1	0
s105g_0207	0	1	1	1	0
s107g_0209	2	1	0	1	0
s108g_0210	1	0	0	0	0
s109g_0211	1	0	0	0	0
s109g_0212	4	0	1	0	0
s109g_0213	2	1	0	1	0
s109g_0214	2	0	0	0	0
s110g_0216	0	1	0	0	0
s111g_0217	1	0	0	0	0
s113g_0220	3	0	0	0	0
s113g_0222	0	1	0	0	0
s113g_0223	1	0	0	0	0
s113g_0224	0	1	0	1	0
s113g_0225	2	0	0	0	0
s113g_0226	1	0	0	0	0
s113g_0228	2	0	0	0	0
s113g_0229	1	0	0	0	0
s113g_0230	1	0	0	0	0
s113g_0233	1	2	1	1	0
s113g_0234	2	0	0	0	0
s115g_0238	3	0	0	0	0
s117g_0239	0	1	0	0	0
s118g_0240	1	0	0	0	0
s119g_0241	2	0	0	0	0
s121g_0243	2	0	0	0	0
s121g_0244	0	1	0	1	0
s121g_0246	1	0	0	0	0
s122g_0247	1	0	0	0	0
s122g_0248	1	1	0	1	0
s123g_0249	1	0	0	0	0
s126g_0252	2	1	0	0	0
s128g_0255	1	1	0	1	0
s128g_0256	1	1	0	1	0
s130g_0259	2	1	0	0	0
s130g_0262	1	1	0	0	0
s130g_0263	1	0	0	0	0
s130g_0264	1	1	0	0	0
s132g_0266	1	0	1	1	0
s132g_0267	1	0	0	0	0
s134g_0269	0	1	0	0	0
s138g_0276	1	0	0	0	0
s139g_0277	1	0	0	0	0
s143g_0281	0	0	0	1	0
s146g_0284	1	0	0	0	0
s147g_0285	1	0	0	0	0
s149g_0287	1	2	0	0	0
s149g_0289	2	0	0	0	0
s150g_0294	0	0	1	1	1
s153g_0297	1	0	0	0	0
s154g_0298	1	0	0	0	0
s155g_0299	0	2	0	0	0
s155g_0300	1	0	0	0	0
s156g_0301	1	0	0	0	0
s158g_0303	3	0	0	0	0
s160g_0317	1	0	0	0	0
s161g_0318	0	1	1	0	0
s162g_0319	1	0	0	0	0
s164g_0326	0	0	1	0	0
s167g_0330	1	0	0	0	0
s167g_0331	1	0	0	0	0
s168g_0333	1	1	0	0	0
s169g_0334	1	1	0	0	0
s173g_0338	1	0	0	0	0
s174g_0339	3	0	1	0	0
s175g_0340	0	1	1	1	0
s176g_0342	3	0	0	0	0
s177g_0343	2	0	0	0	0
s180g_0387	2	0	1	0	0
s182g_0389	1	1	1	1	0
s183g_0390	2	0	0	0	0
s184g_0391_01	1	0	0	0	0
s184g_0391_02	2	1	0	0	0
s186g_0403_01	0	0	0	0	1
s186g_0403_02	1	1	1	0	1
s186g_0403_04	1	0	0	0	0
s186g_0403_05	1	2	0	1	0
s187g_0404	2	0	0	0	0
s189g_0407	0	2	2	2	0
s191g_0409	1	0	0	0	0
s194g_0412	3	1	1	1	0
s195g_0413	2	1	0	1	0
s197g_0414	1	0	0	1	0
s199g_0416	1	1	0	1	0
s200g_0417	0	1	0	1	0
s200g_0418	2	0	0	0	0
s202g_0420	1	0	0	0	0
s203g_0421	1	1	0	1	0
s203g_0422	0	1	1	1	0
s203g_0423	1	0	0	0	0
s204g_0424	0	1	0	1	0
s207g_0447	2	0	0	0	0
s208g_0448	0	1	0	0	0
s209g_0449	0	1	0	0	0
s210g_0450	0	1	1	0	0
s211g_0451	1	0	0	0	0
s212g_0452	2	0	0	0	0
s213g_0453	1	0	0	0	0
s214g_0454	0	2	0	1	0
s215g_0455	2	0	0	0	0
s218g_0458	1	0	0	0	0
s218g_0462	5	0	0	0	0
s219g_0463	1	0	0	0	0
s220g_0464	2	1	0	0	0
s221g_0465	0	1	0	1	0
s221g_0466	2	0	0	0	0
s222g_0467	2	1	1	1	1
s227g_0472	1	0	0	0	0
s230g_0486	1	0	0	0	0
s233g_0490	1	0	0	0	0
s234g_0491	0	1	0	0	0
s235g_0493	1	0	0	0	0
s236g_0494	1	0	1	1	1
s236g_0495	0	1	0	1	0
s236g_0497	0	0	1	1	0
s237g_0498	1	0	0	0	0
s238g_0499	1	1	1	1	0
s239g_0501	0	1	0	0	0
s241g_0503	0	0	1	0	0
s241g_0506	2	0	0	0	0
s242g_0507	1	0	0	0	0
s242g_0508	0	1	0	0	0
s243g_0509	0	1	0	0	0
s244g_0510_01	0	1	0	1	0
s244g_0510_02	1	0	0	0	0
s244g_0510_03	2	0	0	0	0
s244g_0510_04	0	1	0	1	0
s244g_0510_05	0	1	0	0	0
s244g_0510_06	2	1	1	0	0
s244g_0510_07	3	1	0	0	0
s244g_0510_08	2	1	0	0	0
s246g_0512	0	1	0	1	0
s247g_0517	0	0	1	1	0
s247g_0518	1	2	0	0	0
s247g_0519	3	0	0	0	0
s247g_0520	1	0	0	0	0
s247g_0521	2	0	0	0	0
s247g_0522	2	1	1	0	0
s248g_0524	0	3	0	0	0
s249g_0525	1	0	0	0	0
s250g_0526	1	1	0	0	0
s253g_0529	1	1	0	1	0
s253g_0530	1	0	0	0	0
s253g_0531	0	1	0	0	0
s254g_0532	1	0	0	0	0
s254g_0533	1	0	0	0	0
s255g_0534	1	0	0	0	0
s255g_0535	3	0	0	0	0
s255g_0536	1	0	0	0	0
s255g_0537	3	0	0	0	0
s256g_0538	2	1	0	0	0
s263g_0545	1	0	1	0	1
s265g_0548	1	0	0	0	0
s267g_0550	0	1	0	1	0
s268g_0551	1	0	0	0	0
s268g_0552	1	0	0	0	0
s270g_0554	1	0	0	0	0
s271g_0555	1	0	0	0	0
s272g_0556	0	1	0	1	0
s274g_0565	2	0	0	0	0
s275g_0567	0	1	1	1	0
s276g_0569	2	1	0	1	0
s276g_0570	1	0	0	0	0
s278g_0571	3	0	0	0	0
s278g_0575	1	2	0	1	0
s280g_0579	2	2	0	1	0
s281g_0580	1	2	0	1	0
s282g_0581	2	0	0	0	0
s283g_0582	1	0	0	0	0
s284g_0583	0	2	0	0	0
s287g_0586	2	0	0	0	0
s290g_0608	1	0	0	0	0
s291g_0609	1	0	0	0	0
s292g_0610	2	1	0	1	0
s292g_0611	1	0	0	0	0
s292g_0612	1	0	0	0	0
s293g_0613	2	0	0	0	0
s294g_0614	0	1	0	0	0
s295g_0616	1	1	0	0	0
s295g_0617	2	0	0	0	0
s296g_0618	1	0	0	0	0
s297g_0620	1	0	0	0	0
s298g_0621	0	1	0	0	0
s298g_0624	0	1	0	0	0
s300g_0626	1	0	0	0	0
s302g_0628	1	1	0	1	0
s303g_0629	0	0	0	1	0
s303g_0630	0	0	0	1	0
s304g_0631	0	1	0	0	0
s305g_0632	1	1	0	0	0
s310g_0638	1	0	0	0	0
s312g_0640	0	1	0	2	0
s312g_0641	0	1	0	2	0
s314g_0714	0	0	1	0	0
s315g_0715	0	1	0	1	0
s316g_0716	2	0	0	0	0
s316g_0717	2	0	0	0	0
s320g_0742	0	1	1	1	0
s321g_0745	0	1	0	1	0
s322g_0746	0	1	0	0	0
s323g_0747	1	0	0	0	0
s325g_0751	1	0	0	0	0
s328g_0755	1	0	0	0	0
s330g_0775	4	0	0	0	0
s330g_0777	0	1	0	1	0
s331g_0778	1	1	0	1	0
s333g_0780	0	1	0	1	0
s334g_0783	0	0	1	0	0
s335g_0784	1	1	0	1	0
s335g_0785	2	0	0	0	0
s335g_0786	2	1	0	1	0
s337g_0790	1	0	0	0	0
s341g_0795	2	0	0	0	0
s341g_0796	2	0	0	0	0
s343g_0798	3	0	0	0	0
s344g_0799	4	0	0	0	0
s346g_0801	3	0	0	0	0
s347g_0804	1	0	0	1	0
s347g_0805	2	0	0	1	0
s347g_0806	7	0	0	0	0
s351g_0810	1	0	0	0	0
s353g_0812	1	0	0	0	0
s356g_0815	1	0	0	0	0
s357g_0816	2	0	0	0	0
s358g_0817	1	0	0	0	0
s359g_0818	1	0	1	0	0
s359g_0819	1	0	0	0	0
s359g_0822	1	0	0	0	0
s359g_0823	1	0	0	0	0
s360g_0824	1	0	0	0	0
s361g_0825	1	1	0	0	0
s362g_0826	1	1	0	1	0
s362g_0827	1	0	0	0	0
s365g_0830	0	1	0	0	0
s365g_0831	1	0	0	0	0
s365g_0833	2	0	0	0	0
s371g_0839	0	1	0	0	0
s373g_0842	0	1	0	1	0
s375g_0845	1	0	0	0	0
s376g_0846	1	0	0	0	0
s377g_0847	0	1	0	0	0
s378g_0848	1	0	0	0	0
s379g_0849	1	1	0	1	0
s380g_0850	1	0	0	0	0
s382g_0851	0	1	0	1	0
s383g_0852	1	0	0	0	0
s384g_0853	0	0	0	1	0
s386g_0857	1	0	0	0	0
s386g_0859	0	1	0	0	0
s388g_0862	0	1	0	0	0
s388g_0863	0	1	0	0	0
s388g_0864	0	1	0	0	0
s389g_0865	1	0	0	0	0
s391g_0867	0	1	1	0	0
s392g_0869	0	1	0	1	0
s392g_0870	1	1	1	0	0
s392g_0871	1	0	1	0	0
s392g_0872	0	0	2	0	0
s393g_0873	0	1	0	0	0
s394g_0874_02	3	0	0	0	0
s394g_0876	1	0	0	0	0
s394g_0878	1	0	0	0	0
s394g_0879	1	0	0	0	0
s395g_0880	2	0	0	0	0
s396g_0885	1	0	0	0	0
s397g_0888	0	1	0	1	0
s398g_0889	2	1	0	1	0
s398g_0890	0	1	0	1	0
s399g_0891	1	0	0	0	0
s400g_0892	0	1	0	1	0
s401g_0893	0	0	0	1	0
s406g_0898	0	0	1	0	0
s406g_0899	0	1	0	1	0
s407g_0900	1	0	0	0	0
s410g_0902	0	0	1	0	0
s410g_0903	0	1	0	0	0
s410g_0904	1	1	0	0	0
s411g_0906	1	0	0	0	0
s418g_0913	0	0	1	1	0
s420g_0914	0	1	0	1	0
s422g_0916	1	1	0	1	0
s424g_0918	2	0	0	0	0
s425g_0919	2	0	0	0	0
s426g_0920	1	0	0	0	0
s427g_0922	1	0	0	0	0
s427g_0923	1	0	0	0	0
s427g_0929	1	0	0	0	0
s427g_0930	1	1	1	0	0
s427g_0931	1	0	0	0	0
s432g_0937	1	0	0	0	0
s435g_0941	3	0	0	0	0
s436g_0942	1	0	0	0	0
s439g_0946	1	0	0	0	0
s441g_0948	1	0	0	0	0
s442g_0949	1	1	1	1	0
s445g_0952	1	0	0	0	0
s446g_0953	1	0	0	0	0
s447g_0954	2	0	0	0	0
s448g_0955	2	0	0	0	0
s448g_0956	1	0	0	0	0
s449g_0957	1	0	0	0	0
s449g_0958	1	0	0	0	0
s449g_0959	2	2	0	1	0
s449g_0960	0	1	0	0	0
s449g_0961	1	0	0	0	0
s451g_0964	2	0	0	0	0
s452g_0965	0	1	1	1	0
s453g_0966	0	2	1	0	1
s454g_0968	1	0	0	0	0
s454g_0969	0	1	0	1	0
s455g_0970	2	0	0	0	0
s457g_0972	2	0	0	1	0
s457g_0973	0	1	0	0	0
s458g_0974	1	1	0	0	0
s459g_0975	2	0	0	0	0
s460g_0976	3	0	0	0	0
s462g_0978	3	0	0	0	0
s463g_0979	1	1	0	1	0
s463g_0980	1	0	0	0	0
s464g_0981	0	1	0	0	0
s467g_0984	1	0	0	0	0
s469g_0989	1	0	0	0	0
s471g_0991	0	1	1	0	0
s472g_0992	1	0	0	0	0
s472g_0993	4	0	0	0	0
s472g_0994	2	0	0	0	0
s473g_0996	1	1	0	0	0
s473g_0997	1	1	0	0	0
s474g_0998	1	0	1	0	0
s475g_0999	1	0	0	0	0
s476g_1000	2	0	0	0	0
s476g_1001	1	0	0	0	0
s479g_1004	3	0	0	0	0
s483g_1008	1	0	0	0	0
s483g_1009	0	1	0	0	0
s483g_1010	1	0	0	0	0
s485g_1012	0	0	0	1	0
