SonnetID,octave_0,octave_1,octave_9,sestet_0,sestet_1,sestet_9,oct0_m_ses0,oct1_m_ses1,comment,
FernandoDeHerrera_167,1,7,,5,1,,-4,6,itâ€™s fine,hope but more negative in sestet
JosephDeLitalaYCastelvi_45,1,7,,5,1,,-4,6,good example,
AntonioHurtadoDeMendoza_10,1,6,,5,1,,-4,5,,
FernandoDeHerrera_283,1,6,1,5,1,,-4,5,,
LopeDeVega_596,1,6,1,5,1,,-4,5,,
ArgensolaLupercio_15,1,7,,4,2,,-3,5,,
DiegoHurtadoDeMendoza_1,2,6,,5,1,,-3,5,,
FernandoDeHerrera_273,1,7,,4,2,,-3,5,,
GutierreDeCetina_241,1,7,,4,2,,-3,5,,
HernandodeAcunya_52,2,6,,5,1,,-3,5,,
LopeDeVega_1312,2,6,,5,1,,-3,5,,
LopeDeVega_630,2,6,,5,1,,-3,5,,
LopeDeVega_740,1,7,,4,2,,-3,5,,
LopeDeVega_768,1,7,,4,2,,-3,5,,
LopeDeVega_928,2,6,,5,1,,-3,5,,
LopeDeVega_960,2,6,,5,1,,-3,5,,
LopeDeZarate_19,1,7,,4,2,,-3,5,,
PedroSotoDeRojas_94,1,7,,4,2,,-3,5,,
s097g_0193,1,7,,4,2,,-3,5,,
s478g_1003,1,7,,4,2,,-3,5,,
FernandoDeHerrera_111,1,5,2,5,1,,-4,4,,
FernandoDeHerrera_254,1,5,2,5,1,,-4,4,,
GutierreDeCetina_166,1,5,2,5,1,,-4,4,,
BocangelYUnzueta_50,2,5,1,5,1,,-3,4,,
DiegoHurtadoDeMendoza_44,1,6,1,4,2,,-3,4,,
DiegoRamirezPagan_3,1,6,1,4,2,,-3,4,,
FcodeBorjaYAragonPrincipeEsquilache_29,2,5,1,5,1,,-3,4,,
FernandoDeHerrera_181,2,5,1,5,1,,-3,4,,
FranciscoDeAldana_5,1,6,1,4,2,,-3,4,,
FranciscoDeLaTorre_64,2,5,1,5,1,,-3,4,,
Gongora_23,1,6,1,4,2,,-3,4,,
GutierreDeCetina_184,1,6,,4,2,,-3,4,,
GutierreDeCetina_58,2,5,1,5,1,,-3,4,,
GutierreDeCetina_94,1,6,1,4,2,,-3,4,,
JuanBoscan_13,1,6,1,4,2,,-3,4,,
JuanDeArguijo_17,2,5,1,5,1,,-3,4,,
JuanaInesDeLaCruz_71,1,6,1,4,2,,-3,4,,
JuanaInesDeLaCruz_9,2,5,1,5,1,,-3,4,,
LopeDeVega_1000,2,5,,5,1,,-3,4,,
LopeDeVega_1028,2,5,1,5,1,,-3,4,,
LopeDeVega_1068,2,5,1,5,1,,-3,4,,
LopeDeVega_1140,1,6,1,4,2,,-3,4,,
LopeDeVega_406,1,6,1,4,2,,-3,4,,
LopeDeVega_609,1,6,1,4,2,,-3,4,,
LopeDeVega_855,2,5,1,5,1,,-3,4,,
LopeDeVega_956,1,6,1,4,2,,-3,4,,
LuisCarrilloySotomayor_6,1,6,1,4,2,,-3,4,,
PedroEspinosa_3,1,6,1,4,2,,-3,4,,
Quevedo_20,1,6,1,4,2,,-3,4,,
Quevedo_386,1,6,1,4,2,,-3,4,,
Quevedo_391,1,6,1,4,2,,-3,4,,
s094g_0188,2,5,1,5,1,,-3,4,,
s276g_0569,1,6,1,4,2,,-3,4,,
ArgensolaLupercio_12,1,7,,3,3,,-2,4,,
BernardinoDeRebolledo_23,1,7,,3,3,,-2,4,,
BocangelYUnzueta_16,1,7,,3,3,,-2,4,,
BocangelYUnzueta_34,3,5,,5,1,,-2,4,,
BocangelYUnzueta_48,3,5,,5,1,,-2,4,,
DiegoHurtadoDeMendoza_4,3,5,,5,1,,-2,4,,
FcodeBorjaYAragonPrincipeEsquilache_140,1,7,,3,3,,-2,4,,
FernandoDeHerrera_193,2,6,,4,2,,-2,4,,
FranciscoDeAldana_7,2,6,,4,2,,-2,4,,
FranciscoDeFigueroa_17,3,5,,5,1,,-2,4,,
GutierreDeCetina_113,1,7,,3,3,,-2,4,,
GutierreDeCetina_172,1,7,,3,3,,-2,4,,
GutierreDeCetina_75,1,7,,3,3,,-2,4,,
JosephDeLitalaYCastelvi_133,3,5,,5,1,,-2,4,,
JuanBoscan_74,1,7,,3,3,,-2,4,,
JuanDeArguijo_27,3,5,,5,1,,-2,4,,
JuanDeTassisYPeralta_100,1,7,,3,3,,-2,4,,
JuanDeTassisYPeralta_175,1,7,,3,3,,-2,4,,
JuanDeTassisYPeralta_198,1,7,,3,3,,-2,4,,
LopeDeVega_1027,3,5,,5,1,,-2,4,,
LopeDeVega_1171,3,5,,5,1,,-2,4,,
LopeDeVega_1187,2,6,,4,2,,-2,4,,
LopeDeVega_1229,1,7,,3,3,,-2,4,,
LopeDeVega_1293,3,5,,5,1,,-2,4,,
LopeDeVega_155,1,7,,3,3,,-2,4,,
LopeDeVega_192,3,5,,5,1,,-2,4,,
LopeDeVega_291,1,7,,3,3,,-2,4,,
LopeDeVega_444,1,7,,3,3,,-2,4,,
LopeDeVega_457,2,6,,4,2,,-2,4,,
LopeDeVega_469,1,7,,3,3,,-2,4,,
LopeDeVega_487,2,6,,4,2,,-2,4,,
LopeDeVega_498,2,6,,4,2,,-2,4,,
LopeDeVega_603,1,7,,3,3,,-2,4,,
LopeDeVega_666,2,6,,4,2,,-2,4,,
LopeDeVega_767,2,6,,4,2,,-2,4,,
LopeDeVega_807,1,7,,3,3,,-2,4,,
LopeDeVega_858,2,6,,4,2,,-2,4,,
LopeDeVega_959,2,6,,4,2,,-2,4,,
LopeDeVega_996,2,6,,4,2,,-2,4,,
MiraDeAmescua_23,1,7,,3,3,,-2,4,,
PedroDePadilla_4,2,6,,4,2,,-2,4,,
PedroSotoDeRojas_106,2,6,,4,2,,-2,4,,
PedroSotoDeRojas_112,2,6,,4,2,,-2,4,,
PedroSotoDeRojas_93,2,6,,4,2,,-2,4,,
PoloDeMedina_21,3,5,,5,1,,-2,4,,
Quevedo_334,2,6,,4,2,,-2,4,,
Quevedo_408,1,7,,3,3,,-2,4,,
Quevedo_49,2,6,,4,2,,-2,4,,
Quevedo_514,1,7,,3,3,,-2,4,,
Quevedo_88,3,5,,5,1,,-2,4,,
s022g_0042,1,7,,3,3,,-2,4,,
s208g_0448,1,7,,3,3,,-2,4,,
s256g_0538,1,7,,3,3,,-2,4,,
s430g_0935,2,6,,4,2,,-2,4,,
FernandoDeHerrera_109,1,5,2,4,2,,-3,3,,
FernandoDeHerrera_196,2,4,2,5,1,,-3,3,,
FranciscoDeLaTorre_75,1,5,2,4,2,,-3,3,,
GutierreDeCetina_176,1,5,2,4,2,,-3,3,,
JuanDeTassisYPeralta_75,1,5,2,4,2,,-3,3,,
JuanaInesDeLaCruz_70,1,5,2,4,2,,-3,3,,
LopeDeVega_381,1,5,2,4,2,,-3,3,,
LopeDeVega_994,1,5,2,4,2,,-3,3,,
LuisDeUlloaYPereira_86,2,4,2,5,1,,-3,3,,
Quevedo_336,1,5,2,4,2,,-3,3,,
TrilloYFigueroa_3,1,5,2,4,2,,-3,3,,
s048g_0097,1,5,2,4,2,,-3,3,,
AntonioEnriquezGomez_14,1,6,1,3,3,,-2,3,,
AntonioEnriquezGomez_23,1,6,1,3,3,,-2,3,,
AntonioHurtadoDeMendoza_9,3,4,1,5,1,,-2,3,,
ArgensolaBartolome_120,1,6,1,3,3,,-2,3,,
ArgensolaBartolome_123,2,5,1,4,2,,-2,3,,
ArgensolaBartolome_126,2,5,1,4,2,,-2,3,,
ArgensolaBartolome_146,2,5,1,4,2,,-2,3,,
ArgensolaBartolome_49,2,5,1,4,2,,-2,3,,
ArgensolaBartolome_8,2,5,1,4,2,,-2,3,,
ArgensolaLupercio_59,2,5,1,4,2,,-2,3,,
ArgensolaLupercio_60,2,5,1,4,2,,-2,3,,
BocangelYUnzueta_14,2,5,1,4,2,,-2,3,,
BocangelYUnzueta_5,1,6,1,3,3,,-2,3,,
BocangelYUnzueta_62,2,5,1,4,2,,-2,3,,
DiegoHurtadoDeMendoza_7,2,5,1,4,2,,-2,3,,
FcodeBorjaYAragonPrincipeEsquilache_13,2,5,1,4,2,,-2,3,,
FernandoDeHerrera_10,2,5,1,4,2,,-2,3,,
FernandoDeHerrera_121,1,6,1,3,3,,-2,3,,
FernandoDeHerrera_140,2,5,1,4,2,,-2,3,,
FernandoDeHerrera_187,2,5,1,4,2,,-2,3,,
FernandoDeHerrera_95,2,5,1,4,2,,-2,3,,
Gongora_25,3,4,1,5,1,,-2,3,,
GutierreDeCetina_102,2,5,1,4,2,,-2,3,,
GutierreDeCetina_120,1,6,1,3,3,,-2,3,,
GutierreDeCetina_160,2,5,1,4,2,,-2,3,,
GutierreDeCetina_208,2,5,1,4,2,,-2,3,,
JosephDeLitalaYCastelvi_7,2,5,1,4,2,,-2,3,,
JuanDeArguijo_59,1,6,1,3,3,,-2,3,,
JuanDeTassisYPeralta_1,1,6,1,3,3,,-2,3,,
LopeDeVega_1012,2,5,1,4,2,,-2,3,,
LopeDeVega_1043,3,4,1,5,1,,-2,3,,
LopeDeVega_1150,2,5,1,4,2,,-2,3,,
LopeDeVega_1206,1,6,1,3,3,,-2,3,,
LopeDeVega_1311,2,5,1,4,2,,-2,3,,
LopeDeVega_315,2,5,1,4,2,,-2,3,,
LopeDeVega_352,2,5,1,4,2,,-2,3,,
LopeDeVega_385,1,6,1,3,3,,-2,3,,
LopeDeVega_451,1,6,1,3,3,,-2,3,,
LopeDeVega_605,1,6,1,3,3,,-2,3,,
LopeDeVega_648,2,5,1,4,2,,-2,3,,
LopeDeVega_825,1,6,1,3,3,,-2,3,,
LopeDeVega_953,1,6,1,3,3,,-2,3,,
LopeDeVega_972,2,5,1,4,2,,-2,3,,
LopeDeZarate_37,2,5,1,4,2,,-2,3,,
LopezDeMendoza_8,3,4,1,5,1,,-2,3,,
LuisDeUlloaYPereira_59,1,6,1,3,3,,-2,3,,
PedroDePadilla_11,1,6,1,3,3,,-2,3,,
PedroDePadilla_25,2,5,1,4,2,,-2,3,,
PedroSotoDeRojas_120,1,6,1,3,3,,-2,3,,
PedroSotoDeRojas_27,2,5,1,4,2,,-2,3,,
PedroSotoDeRojas_56,2,5,1,4,2,,-2,3,,
PoloDeMedina_20,1,6,1,3,3,,-2,3,,
Quevedo_310,2,5,1,4,2,,-2,3,,
TirsoDeMolina_24,1,6,1,3,3,,-2,3,,
s059g_0115,2,5,1,4,2,,-2,3,,
s152g_0296,3,4,1,5,1,,-2,3,,
s350g_0809,1,6,1,3,3,,-2,3,,
s422g_0916,1,6,1,3,3,,-2,3,,
AgustinDeSalazarYTorres_14,1,7,,2,4,,-1,3,,
AgustinDeSalazarYTorres_27,1,7,,2,4,,-1,3,,
AgustinDeSalazarYTorres_28,2,6,,3,3,,-1,3,,
AntonioEnriquezGomez_5,1,7,,2,4,,-1,3,,
AntonioHurtadoDeMendoza_1,2,6,,3,3,,-1,3,,
AntonioHurtadoDeMendoza_5,3,5,,4,2,,-1,3,,
ArgensolaBartolome_66,4,4,,5,1,,-1,3,,
ArgensolaLupercio_53,2,6,,3,3,,-1,3,,
BernardinoDeRebolledo_18,2,6,,3,3,,-1,3,,
BocangelYUnzueta_57,2,6,,3,3,,-1,3,,
BocangelYUnzueta_58,3,5,,4,2,,-1,3,,
CancerYVelasco_1,1,7,,2,4,,-1,3,,
Cervantes_20,2,6,,3,3,,-1,3,,
Cervantes_26,1,7,,2,4,,-1,3,,
Cervantes_55,2,6,,3,3,,-1,3,,
FcodeBorjaYAragonPrincipeEsquilache_9,2,6,,3,3,,-1,3,,
FcodeBorjaYAragonPrincipeEsquilache_99,2,6,,3,3,,-1,3,,
FernandoDeHerrera_102,1,7,,2,4,,-1,3,,
FernandoDeHerrera_112,2,6,,3,3,,-1,3,,
FernandoDeHerrera_164,2,6,,3,3,,-1,3,,
FernandoDeHerrera_174,1,7,,2,4,,-1,3,,
FernandoDeHerrera_199,1,7,,2,4,,-1,3,,
FernandoDeHerrera_201,3,5,,4,2,,-1,3,,
FernandoDeHerrera_217,3,5,,4,2,,-1,3,,
FernandoDeHerrera_287,2,6,,3,3,,-1,3,,
FernandoDeHerrera_40,4,4,,5,1,,-1,3,,
FernandoDeHerrera_45,3,5,,4,2,,-1,3,,
FernandoDeHerrera_79,3,5,,4,2,,-1,3,,
FernandoDeHerrera_80,3,5,,4,2,,-1,3,,
FranciscoDeAldana_13,1,7,,2,4,,-1,3,,
FranciscoDeAldana_40,1,7,,2,4,,-1,3,,
FranciscoDeLaTorre_62,2,6,,3,3,,-1,3,,
FranciscoDeMedrano_2,2,6,,3,3,,-1,3,,
FranciscoDeMedrano_33,2,6,,3,3,,-1,3,,
FranciscoDeMedrano_47,2,6,,3,3,,-1,3,,
FrayLuisDeLeon_3,3,5,,4,2,,-1,3,,
GregorioDeMatos_10,2,6,,3,3,,-1,3,,
GutierreDeCetina_115,3,5,,4,2,,-1,3,,
GutierreDeCetina_116,1,7,,2,4,,-1,3,,
GutierreDeCetina_180,1,7,,2,4,,-1,3,,
GutierreDeCetina_203,3,5,,4,2,,-1,3,,
GutierreDeCetina_217,2,6,,3,3,,-1,3,,
GutierreDeCetina_56,2,6,,3,3,,-1,3,,
GutierreDeCetina_86,2,6,,3,3,,-1,3,,
GutierreDeCetina_89,1,7,,2,4,,-1,3,,
HernandodeAcunya_3,2,6,,3,3,,-1,3,,
HernandodeAcunya_61,3,5,,4,2,,-1,3,,
HernandodeAcunya_63,2,6,,3,3,,-1,3,,
JosephDeLitalaYCastelvi_121,4,4,,5,1,,-1,3,,
JosephDeLitalaYCastelvi_123,3,5,,4,2,,-1,3,,
JosephDeLitalaYCastelvi_141,3,5,,4,2,,-1,3,,
JuanBoscan_48,1,7,,2,4,,-1,3,,
JuanBoscan_61,2,6,,3,3,,-1,3,,
JuanBoscan_65,1,7,,2,4,,-1,3,,
JuanBoscan_82,2,6,,3,3,,-1,3,,
JuanDeAlmeida_37,2,6,,3,3,,-1,3,,
JuanDeArguijo_6,3,5,,4,2,,-1,3,,
JuanDeTassisYPeralta_146,2,6,,3,3,,-1,3,,
JuanDeTassisYPeralta_152,4,4,,5,1,,-1,3,,
JuanDeTassisYPeralta_52,3,5,,4,2,,-1,3,,
JuanaInesDeLaCruz_24,2,6,,3,3,,-1,3,,
JuanaInesDeLaCruz_33,2,6,,3,3,,-1,3,,
JuanaInesDeLaCruz_59,1,7,,2,4,,-1,3,,
LopeDeVega_1014,3,5,,4,2,,-1,3,,
LopeDeVega_1018,1,7,,2,4,,-1,3,,
LopeDeVega_1034,2,6,,3,3,,-1,3,,
LopeDeVega_1173,2,6,,3,3,,-1,3,,
LopeDeVega_1181,2,6,,3,3,,-1,3,,
LopeDeVega_1182,1,7,,2,4,,-1,3,,
LopeDeVega_1196,1,7,,2,4,,-1,3,,
LopeDeVega_1202,1,7,,2,4,,-1,3,,
LopeDeVega_1241,3,5,,4,2,,-1,3,,
LopeDeVega_1269,1,7,,2,4,,-1,3,,
LopeDeVega_1308,1,7,,2,4,,-1,3,,
LopeDeVega_143,4,4,,5,1,,-1,3,,
LopeDeVega_208,1,7,,2,4,,-1,3,,
LopeDeVega_212,1,7,,2,4,,-1,3,,
LopeDeVega_240,1,7,,2,4,,-1,3,,
LopeDeVega_25,2,6,,3,3,,-1,3,,
LopeDeVega_340,1,7,,2,4,,-1,3,,
LopeDeVega_379,3,5,,4,2,,-1,3,,
LopeDeVega_520,2,6,,3,3,,-1,3,,
LopeDeVega_53,1,7,,2,4,,-1,3,,
LopeDeVega_579,2,6,,3,3,,-1,3,,
LopeDeVega_618,2,6,,3,3,,-1,3,,
LopeDeVega_687,2,6,,3,3,,-1,3,,
LopeDeVega_691,1,7,,2,4,,-1,3,,
LopeDeVega_784,2,6,,3,3,,-1,3,,
LopeDeVega_8,2,6,,3,3,,-1,3,,
LopeDeVega_821,2,6,,3,3,,-1,3,,
LopeDeVega_833,1,7,,2,4,,-1,3,,
LopeDeVega_844,2,6,,3,3,,-1,3,,
LopeDeVega_913,4,4,,5,1,,-1,3,,
LopeDeVega_950,1,7,,2,4,,-1,3,,
LopeDeVega_969,1,7,,2,4,,-1,3,,
LopeDeZarate_3,1,7,,2,4,,-1,3,,
LopeDeZarate_58,4,4,,5,1,,-1,3,,
LuisCarrilloySotomayor_30,2,6,,3,3,,-1,3,,
LuisDeUlloaYPereira_82,2,6,,3,3,,-1,3,,
MiraDeAmescua_8,2,6,,3,3,,-1,3,,
PedroSotoDeRojas_69,2,6,,3,3,,-1,3,,
PedroSotoDeRojas_78,2,6,,3,3,,-1,3,,
PedroSotoDeRojas_91,4,4,,5,1,,-1,3,,
PoloDeMedina_3,3,5,,4,2,,-1,3,,
Quevedo_140,2,6,,3,3,,-1,3,,
Quevedo_16,1,7,,2,4,,-1,3,,
Quevedo_161,2,6,,3,3,,-1,3,,
Quevedo_303,2,6,,3,3,,-1,3,,
Quevedo_317,2,6,,3,3,,-1,3,,
Quevedo_359,4,4,,5,1,,-1,3,,
Quevedo_39,3,5,,4,2,,-1,3,,
Quevedo_469,3,5,,4,2,,-1,3,,
TirsoDeMolina_35,2,6,,3,3,,-1,3,,
TirsoDeMolina_39,3,5,,4,2,,-1,3,,
TrilloYFigueroa_4,3,5,,4,2,,-1,3,,
s048g_0099,2,6,,3,3,,-1,3,,
s056g_0110,1,7,,2,4,,-1,3,,
s065g_0125,2,6,,3,3,,-1,3,,
s105g_0206,2,6,,3,3,,-1,3,,
s122g_0248,2,6,,3,3,,-1,3,,
s167g_0331,1,7,,2,4,,-1,3,,
s200g_0418,3,5,,4,2,,-1,3,,
s244g_0510_05,1,7,,2,4,,-1,3,,
s295g_0615,2,6,,3,3,,-1,3,,
s310g_0638,1,7,,2,4,,-1,3,,
s322g_0746,1,7,,2,4,,-1,3,,
s373g_0842,1,7,,2,4,,-1,3,,
s421g_0915,1,7,,2,4,,-1,3,,
s426g_0921,1,7,,2,4,,-1,3,,
s427g_0923,1,7,,2,4,,-1,3,,
s430g_0934,3,5,,4,2,,-1,3,,
s432g_0937,1,7,,2,4,,-1,3,,
s454g_0969,1,7,,2,4,,-1,3,,
AgustinDeSalazarYTorres_9,1,5,2,3,3,,-2,2,,
ArgensolaBartolome_111,1,5,2,3,3,,-2,2,,
ArgensolaLupercio_19,1,5,2,3,3,,-2,2,,
ArgensolaLupercio_21,3,3,2,5,1,,-2,2,,
Cervantes_74,1,5,2,3,3,,-2,2,,
FcodeBorjaYAragonPrincipeEsquilache_102,1,5,2,3,3,,-2,2,,
FcodeBorjaYAragonPrincipeEsquilache_78,1,5,2,3,3,,-2,2,,
FernandoDeHerrera_179,3,3,2,5,1,,-2,2,,
FernandoDeHerrera_78,1,5,2,3,3,,-2,2,,
FranciscoDeLaTorre_56,2,4,2,4,2,,-2,2,,
Gongora_102,2,4,2,4,2,,-2,2,,
GutierreDeCetina_101,2,4,2,4,2,,-2,2,,
GutierreDeCetina_36,1,5,1,3,3,,-2,2,,
GutierreDeCetina_44,1,5,2,3,3,,-2,2,,
HernandodeAcunya_75,2,4,2,4,2,,-2,2,,
JosephDeLitalaYCastelvi_38,1,5,1,3,3,,-2,2,,
JuanDeAlmeida_26,2,4,2,4,2,,-2,2,,
JuanDeArguijo_25,1,5,2,3,3,,-2,2,,
JuanDeArguijo_66,1,5,2,3,3,,-2,2,,
JuanDeTassisYPeralta_156,2,4,2,4,2,,-2,2,,
LopeDeVega_1052,1,5,2,3,3,,-2,2,,
LopeDeVega_1218,1,5,1,3,3,,-2,2,,
LopeDeVega_1256,2,4,2,4,2,,-2,2,,
LopeDeVega_166,1,5,2,3,3,,-2,2,,
LopeDeVega_181,3,3,2,5,1,,-2,2,,
LopeDeVega_204,2,4,2,4,2,,-2,2,,
LopeDeVega_226,3,3,2,5,1,,-2,2,,
LopeDeVega_491,1,5,2,3,3,,-2,2,,
LopeDeVega_636,1,5,2,3,3,,-2,2,,
LopeDeVega_741,1,5,2,3,3,,-2,2,,
LuisDeUlloaYPereira_45,3,3,2,5,1,,-2,2,,
LuisDeUlloaYPereira_51,1,5,2,3,3,,-2,2,,
LuisMartinDeLaPlaza_12,2,4,2,4,2,,-2,2,,
PedroDePadilla_21,1,5,2,3,3,,-2,2,,
PedroSotoDeRojas_46,2,4,2,4,2,,-2,2,,
Quevedo_25,1,5,2,3,3,,-2,2,,
Quevedo_285,1,5,2,3,3,,-2,2,,
Quevedo_302,2,4,2,4,2,,-2,2,,
Quevedo_52,1,5,1,3,3,,-2,2,,
s003g_0011,1,5,2,3,3,,-2,2,,
s113g_0224,1,5,2,3,3,,-2,2,,
s145g_0283,2,4,2,4,2,,-2,2,,
s153g_0297,1,5,2,3,3,,-2,2,,
AntonioEnriquezGomez_39,2,5,1,3,3,,-1,2,,
AntonioEnriquezGomez_8,2,5,1,3,3,,-1,2,,
ArgensolaBartolome_130,2,5,1,3,3,,-1,2,,
ArgensolaBartolome_6,1,6,1,2,4,,-1,2,,
ArgensolaBartolome_7,2,5,1,3,3,,-1,2,,
ArgensolaLupercio_18,3,4,1,4,2,,-1,2,,
ArgensolaLupercio_26,1,6,1,2,4,,-1,2,,
ArgensolaLupercio_39,2,5,,3,3,,-1,2,,
BernardinoDeRebolledo_17,2,5,1,3,3,,-1,2,,
FcodeBorjaYAragonPrincipeEsquilache_137,3,4,1,4,2,,-1,2,,
FcodeBorjaYAragonPrincipeEsquilache_14,3,4,1,4,2,,-1,2,,
FcodeBorjaYAragonPrincipeEsquilache_55,1,6,1,2,4,,-1,2,,
FcodeBorjaYAragonPrincipeEsquilache_69,1,6,1,2,4,,-1,2,,
FcodeBorjaYAragonPrincipeEsquilache_94,2,5,1,3,3,,-1,2,,
FernandoDeHerrera_156,3,4,1,4,2,,-1,2,,
FernandoDeHerrera_175,2,5,1,3,3,,-1,2,,
FernandoDeHerrera_189,1,6,1,2,4,,-1,2,,
FernandoDeHerrera_244,1,6,1,2,4,,-1,2,,
FernandoDeHerrera_258,2,5,1,3,3,,-1,2,,
FernandoDeHerrera_306,2,5,1,3,3,,-1,2,,
FranciscoDeAldana_23,1,6,1,2,4,,-1,2,,
FranciscoDeLaTorre_14,1,6,1,2,4,,-1,2,,
FranciscoDeLaTorre_36,2,5,1,3,3,,-1,2,,
FranciscoDeLaTorre_4,2,5,1,3,3,,-1,2,,
FranciscoDeLaTorre_48,3,4,1,4,2,,-1,2,,
FranciscoDeMedrano_30,2,5,1,3,3,,-1,2,,
FranciscoDeMedrano_39,3,4,1,4,2,,-1,2,,
FrayLuisDeLeon_4,3,4,1,4,2,,-1,2,,
Gongora_57,2,5,1,3,3,,-1,2,,
Gongora_66,2,5,1,3,3,2,-1,2,,
Gongora_99,1,6,1,2,4,,-1,2,,
GregorioDeMatos_2,3,4,1,4,2,,-1,2,,
GutierreDeCetina_124,3,4,1,4,2,,-1,2,,
GutierreDeCetina_189,1,6,1,2,4,,-1,2,,
GutierreDeCetina_2,1,6,1,2,4,,-1,2,,
GutierreDeCetina_200,2,5,1,3,3,,-1,2,,
GutierreDeCetina_22,2,5,1,3,3,,-1,2,,
GutierreDeCetina_49,1,6,1,2,4,,-1,2,,
JosephDeLitalaYCastelvi_12,2,5,1,3,3,,-1,2,,
JosephDeLitalaYCastelvi_15,3,4,1,4,2,,-1,2,,
JuanBoscan_16,1,6,1,2,4,,-1,2,,
JuanBoscan_30,1,6,1,2,4,,-1,2,,
JuanBoscan_45,2,5,1,3,3,,-1,2,,
JuanBoscan_58,1,6,1,2,4,,-1,2,,
JuanDeArguijo_16,2,5,1,3,3,,-1,2,,
JuanDeArguijo_22,1,6,1,2,4,,-1,2,,
JuanDeArguijo_28,1,6,1,2,4,,-1,2,,
JuanDeArguijo_49,1,6,1,2,4,,-1,2,,
JuanDeArguijo_51,2,5,1,3,3,,-1,2,,
JuanDeTassisYPeralta_151,3,4,1,4,2,,-1,2,,
JuanDeTassisYPeralta_160,1,6,1,2,4,,-1,2,,
JuanDeTassisYPeralta_167,2,5,1,3,3,,-1,2,,
JuanDeTassisYPeralta_191,2,5,1,3,3,,-1,2,,
JuanDeTassisYPeralta_203,2,5,1,3,3,,-1,2,,
JuanDeTassisYPeralta_61,2,5,1,3,3,,-1,2,,
JuanDeTimoneda_21,1,6,1,2,4,,-1,2,,
JuanDeTimoneda_9,2,5,1,3,3,,-1,2,,
JuanaInesDeLaCruz_46,1,6,1,2,4,,-1,2,,
JuanaInesDeLaCruz_57,1,6,1,2,4,,-1,2,,
LopeDeVega_1030,1,6,1,2,4,,-1,2,,
LopeDeVega_1099,1,6,1,2,4,,-1,2,,
LopeDeVega_1130,2,5,1,3,3,,-1,2,,
LopeDeVega_1175,1,6,1,2,4,,-1,2,,
LopeDeVega_1197,3,4,1,4,2,,-1,2,,
LopeDeVega_1292,2,5,1,3,3,,-1,2,,
LopeDeVega_1309,2,5,1,3,3,,-1,2,,
LopeDeVega_1310,3,4,1,4,2,,-1,2,,
LopeDeVega_1320,1,6,1,2,4,,-1,2,,
LopeDeVega_1334,4,3,1,5,1,,-1,2,,
LopeDeVega_1339,3,4,1,4,2,,-1,2,,
LopeDeVega_168,2,5,1,3,3,,-1,2,,
LopeDeVega_205,2,5,1,3,3,,-1,2,,
LopeDeVega_249,2,5,1,3,3,,-1,2,,
LopeDeVega_310,1,6,1,2,4,,-1,2,,
LopeDeVega_373,2,5,1,3,3,,-1,2,,
LopeDeVega_414,3,4,1,4,2,,-1,2,,
LopeDeVega_43,2,5,1,3,3,,-1,2,,
LopeDeVega_515,1,6,1,2,4,,-1,2,,
LopeDeVega_536,1,6,1,2,4,,-1,2,,
LopeDeVega_54,2,5,1,3,3,,-1,2,,
LopeDeVega_545,1,6,1,2,4,,-1,2,,
LopeDeVega_570,2,5,1,3,3,,-1,2,,
LopeDeVega_581,1,6,1,2,4,,-1,2,,
LopeDeVega_616,1,6,1,2,4,,-1,2,,
LopeDeVega_684,1,6,1,2,4,,-1,2,,
LopeDeVega_719,1,6,1,2,4,,-1,2,,
LopeDeVega_724,2,5,,3,3,,-1,2,,
LopeDeVega_749,2,5,,3,3,,-1,2,,
LopeDeVega_802,3,4,1,4,2,,-1,2,,
LopeDeVega_817,2,5,1,3,3,,-1,2,,
LopeDeVega_93,2,5,1,3,3,,-1,2,,
LopeDeVega_963,2,5,1,3,3,,-1,2,,
LuisCarrilloySotomayor_11,2,5,1,3,3,,-1,2,,
LuisCarrilloySotomayor_38,2,5,1,3,3,,-1,2,,
LuisCarrilloySotomayor_43,1,6,1,2,4,,-1,2,,
LuisDeUlloaYPereira_53,3,4,1,4,2,,-1,2,,
MiraDeAmescua_10,3,4,1,4,2,,-1,2,,
MiraDeAmescua_15,1,6,1,2,4,,-1,2,,
PedroEspinosa_16,2,5,1,3,3,,-1,2,,
PedroSotoDeRojas_123,3,4,1,4,2,,-1,2,,
PedroSotoDeRojas_74,1,6,1,2,4,,-1,2,,
PedroSotoDeRojas_97,1,6,1,2,4,,-1,2,,
Quevedo_17,3,4,1,4,2,,-1,2,,
Quevedo_262,2,5,1,3,3,,-1,2,,
Quevedo_289,3,4,1,4,2,,-1,2,,
Quevedo_356,1,6,1,2,4,,-1,2,,
Quevedo_383,3,4,1,4,2,,-1,2,,
Quevedo_414,1,6,1,2,4,,-1,2,,
Quevedo_428,1,6,1,2,4,,-1,2,,
Quevedo_467,2,5,1,3,3,,-1,2,,
Quevedo_484,2,5,1,3,3,,-1,2,,
Quevedo_498,3,4,1,4,2,,-1,2,,
Quevedo_58,2,5,1,3,3,,-1,2,,
Quevedo_60,1,6,1,2,4,,-1,2,,
s044g_0088,1,6,1,2,4,,-1,2,,
s054g_0108,1,6,1,2,4,,-1,2,,
s105g_0207,1,6,,2,4,,-1,2,,
s132g_0267,2,5,1,3,3,,-1,2,,
s186g_0403_02,1,6,,2,4,,-1,2,,
s238g_0499,3,4,1,4,2,,-1,2,,
s247g_0520,1,6,1,2,4,,-1,2,,
s254g_0532,1,6,1,2,4,,-1,2,,
s295g_0616,1,6,1,2,4,,-1,2,,
s298g_0623,3,4,1,4,2,,-1,2,,
s352g_0811,2,5,1,3,3,,-1,2,,
s380g_0850,1,6,1,2,4,,-1,2,,
s427g_0928,2,5,1,3,3,,-1,2,,
s465g_0982,3,4,1,4,2,,-1,2,,
AgustinDeSalazarYTorres_19,2,6,,2,4,,0,2,,
AntonioEnriquezGomez_20,2,6,,2,4,,0,2,,
AntonioEnriquezGomez_28,3,5,,3,3,,0,2,,
AntonioEnriquezGomez_40,3,5,,3,3,,0,2,,
AntonioEnriquezGomez_6,2,6,,2,4,,0,2,,
ArgensolaBartolome_144,2,6,,2,4,,0,2,,
ArgensolaBartolome_21,3,5,,3,3,,0,2,,
ArgensolaBartolome_69,3,5,,3,3,,0,2,,
ArgensolaBartolome_71,2,6,,2,4,,0,2,,
ArgensolaBartolome_72,2,6,,2,4,,0,2,,
ArgensolaBartolome_91,4,4,,4,2,,0,2,,
ArgensolaLupercio_22,1,7,,1,5,,0,2,,
ArgensolaLupercio_47,2,6,,2,4,,0,2,,
BaltasarDeAlcazar_16,3,5,,3,3,,0,2,,
BernardinoDeRebolledo_12,3,5,,3,3,,0,2,,
BernardinoDeRebolledo_42,3,5,,3,3,,0,2,,
BocangelYUnzueta_12,3,5,,3,3,,0,2,,
CancerYVelasco_6,2,6,,2,4,,0,2,,
Cervantes_38,3,5,,3,3,,0,2,,
Cervantes_43,2,6,,2,4,,0,2,,
Cervantes_47,2,6,,2,4,,0,2,,
Cervantes_75,3,5,,3,3,,0,2,,
CristobalDeVirues_2,2,6,,2,4,,0,2,,
DiegoHurtadoDeMendoza_20,2,6,,2,4,,0,2,,
DiegoHurtadoDeMendoza_56,1,7,,1,5,,0,2,,
DiegoRamirezPagan_5,3,5,,3,3,,0,2,,
DiegoXimenezAyllon_54,3,5,,3,3,,0,2,,
FcodeBorjaYAragonPrincipeEsquilache_123,3,5,,3,3,,0,2,,
FcodeBorjaYAragonPrincipeEsquilache_125,3,5,,3,3,,0,2,,
FcodeBorjaYAragonPrincipeEsquilache_131,2,6,,2,4,,0,2,,
FcodeBorjaYAragonPrincipeEsquilache_21,3,5,,3,3,,0,2,,
FcodeBorjaYAragonPrincipeEsquilache_68,5,3,,5,1,,0,2,,
FcodeBorjaYAragonPrincipeEsquilache_91,3,5,,3,3,,0,2,,
FcodeBorjaYAragonPrincipeEsquilache_97,2,6,,2,4,,0,2,,
FcodeBorjaYAragonPrincipeEsquilache_98,5,3,,5,1,,0,2,,
FernandoDeHerrera_1,3,5,,3,3,,0,2,,
FernandoDeHerrera_126,1,7,,1,5,,0,2,,
FernandoDeHerrera_192,3,5,,3,3,,0,2,,
FernandoDeHerrera_235,3,5,,3,3,,0,2,,
FernandoDeHerrera_278,2,6,,2,4,,0,2,,
FernandoDeHerrera_305,3,5,,3,3,,0,2,,
FranciscoDeAldana_14,3,5,,3,3,,0,2,,
FranciscoDeAldana_33,1,7,,1,5,,0,2,,
FranciscoDeAldana_6,2,6,,2,4,,0,2,,
FranciscoDeFigueroa_13,2,6,,2,4,,0,2,,
FranciscoDeLaTorre_11,3,5,,3,3,,0,2,,
FranciscoDeLaTorre_34,3,5,,3,3,,0,2,,
FranciscoDeLaTorre_78,2,6,,2,4,,0,2,,
GarcilasoDeLaVega_13,3,5,,3,3,,0,2,,
GarcilasoDeLaVega_25,3,5,,3,3,,0,2,,
GarcilasoDeLaVega_33,3,5,,3,3,,0,2,,
GarcilasoDeLaVega_36,3,5,,3,3,,0,2,,
GutierreDeCetina_118,3,5,,3,3,,0,2,,
GutierreDeCetina_182,2,6,,2,4,,0,2,,
GutierreDeCetina_196,4,4,,4,2,,0,2,,
GutierreDeCetina_239,2,6,,2,4,,0,2,,
GutierreDeCetina_28,4,4,,4,2,,0,2,,
GutierreDeCetina_99,3,5,,3,3,,0,2,,
HernandodeAcunya_1,3,5,,3,3,,0,2,,
HernandodeAcunya_11,4,4,,4,2,,0,2,,
HernandodeAcunya_24,1,7,,1,5,,0,2,,
HernandodeAcunya_36,2,6,,2,4,,0,2,,
HernandodeAcunya_39,2,6,,2,4,,0,2,,
HernandodeAcunya_58,3,5,,3,3,,0,2,,
HernandodeAcunya_64,1,7,,1,5,,0,2,,
HernandodeAcunya_66,2,6,,2,4,,0,2,,
JosephDeLitalaYCastelvi_11,4,4,,4,2,,0,2,,
JosephDeLitalaYCastelvi_25,4,4,,4,2,,0,2,,
JuanBoscan_4,3,5,,3,3,,0,2,,
JuanBoscan_51,2,6,,2,4,,0,2,,
JuanBoscan_67,3,5,,3,3,,0,2,,
JuanBoscan_97,2,6,,2,4,,0,2,,
JuanDeAlmeida_28,2,6,,2,4,,0,2,,
JuanDeAlmeida_32,1,7,,1,5,,0,2,,
JuanDeSalinas_16,3,5,,3,3,,0,2,,
JuanDeTassisYPeralta_112,1,7,,1,5,,0,2,,
JuanDeTassisYPeralta_159,3,5,,3,3,,0,2,,
JuanDeTassisYPeralta_170,4,4,,4,2,,0,2,,
JuanDeTassisYPeralta_179,3,5,,3,3,,0,2,,
JuanDeTassisYPeralta_19,5,3,,5,1,,0,2,,
JuanDeTassisYPeralta_54,4,4,,4,2,,0,2,,
JuanDeTimoneda_19,2,6,,2,4,,0,2,,
JuanaInesDeLaCruz_42,3,5,,3,3,,0,2,,
LopeDeVega_1010,4,4,,4,2,,0,2,,
LopeDeVega_1029,2,6,,2,4,,0,2,,
LopeDeVega_1045,2,6,,2,4,,0,2,,
LopeDeVega_1060,1,7,,1,5,,0,2,,
LopeDeVega_1097,3,5,,3,3,,0,2,,
LopeDeVega_1159,2,6,,2,4,,0,2,,
LopeDeVega_1193,4,4,,4,2,,0,2,,
LopeDeVega_1290,1,7,,1,5,,0,2,,
LopeDeVega_1321,2,6,,2,4,,0,2,,
LopeDeVega_163,3,5,,3,3,,0,2,,
LopeDeVega_179,1,7,,1,5,,0,2,,
LopeDeVega_2,3,5,,3,3,,0,2,,
LopeDeVega_234,4,4,,4,2,,0,2,,
LopeDeVega_251,2,6,,2,4,,0,2,,
LopeDeVega_283,4,4,,4,2,,0,2,,
LopeDeVega_346,1,7,,1,5,,0,2,,
LopeDeVega_393,2,6,,2,4,,0,2,,
LopeDeVega_41,3,5,,3,3,,0,2,,
LopeDeVega_419,3,5,,3,3,,0,2,,
LopeDeVega_439,2,6,,2,4,,0,2,,
LopeDeVega_443,1,7,,1,5,,0,2,,
LopeDeVega_460,1,7,,1,5,,0,2,,
LopeDeVega_472,2,6,,2,4,,0,2,,
LopeDeVega_488,3,5,,3,3,,0,2,,
LopeDeVega_512,2,6,,2,4,,0,2,,
LopeDeVega_521,2,6,,2,4,,0,2,,
LopeDeVega_537,1,7,,1,5,,0,2,,
LopeDeVega_601,2,6,,2,4,,0,2,,
LopeDeVega_62,3,5,,3,3,,0,2,,
LopeDeVega_640,4,4,,4,2,,0,2,,
LopeDeVega_643,2,6,,2,4,,0,2,,
LopeDeVega_669,3,5,,3,3,,0,2,,
LopeDeVega_671,4,4,,4,2,,0,2,,
LopeDeVega_712,1,7,,1,5,,0,2,,
LopeDeVega_714,2,6,,2,4,,0,2,,
LopeDeVega_723,2,6,,2,4,,0,2,,
LopeDeVega_75,3,5,,3,3,,0,2,,
LopeDeVega_778,2,6,,2,4,,0,2,,
LopeDeVega_846,2,6,,2,4,,0,2,,
LopeDeVega_859,1,7,,1,5,,0,2,,
LopeDeVega_860,2,6,,2,4,,0,2,,
LopeDeVega_870,4,4,,4,2,,0,2,,
LopeDeVega_887,3,5,,3,3,,0,2,,
LopeDeVega_905,3,5,,3,3,,0,2,,
LopeDeVega_922,3,5,,3,3,,0,2,,
LopeDeVega_947,3,5,,3,3,,0,2,,
LopeDeVega_971,1,7,,1,5,,0,2,,
LopeDeZarate_16,1,7,,1,5,,0,2,,
LuisCarrilloySotomayor_47,2,6,,2,4,,0,2,,
LuisDeUlloaYPereira_21,2,6,,2,4,,0,2,,
LuisDeUlloaYPereira_38,2,6,,2,4,,0,2,,
LuisDeUlloaYPereira_50,3,5,,3,3,,0,2,,
LuisDeUlloaYPereira_92,2,6,,2,4,,0,2,,
LuisMartinDeLaPlaza_11,1,7,,1,5,,0,2,,
LuisMartinDeLaPlaza_13,4,4,,4,2,,0,2,,
LuisMartinDeLaPlaza_15,1,7,,1,5,,0,2,,
LuisMartinDeLaPlaza_17,3,5,,3,3,,0,2,,
LuisMartinDeLaPlaza_18,2,6,,2,4,,0,2,,
LuisMartinDeLaPlaza_3,3,5,,3,3,,0,2,,
LuisMartinDeLaPlaza_6,3,5,,3,3,,0,2,,
MiraDeAmescua_16,1,7,,1,5,,0,2,,
PantaleonDeRibera_3,3,5,,3,3,,0,2,,
PedroDePadilla_14,2,6,,2,4,,0,2,,
PedroDePadilla_37,4,4,,4,2,,0,2,,
PedroDePadilla_41,3,5,,3,3,,0,2,,
PedroEspinosa_7,2,6,,2,4,,0,2,,
PedroSotoDeRojas_114,4,4,,4,2,,0,2,,
PedroSotoDeRojas_24,4,4,,4,2,,0,2,,
PedroSotoDeRojas_32,2,6,,2,4,,0,2,,
PedroSotoDeRojas_5,3,5,,3,3,,0,2,,
PedroSotoDeRojas_67,3,5,,3,3,,0,2,,
Quevedo_113,1,7,,1,5,,0,2,,
Quevedo_115,1,7,,1,5,,0,2,,
Quevedo_157,2,6,,2,4,,0,2,,
Quevedo_207,1,7,,1,5,,0,2,,
Quevedo_288,2,6,,2,4,,0,2,,
Quevedo_329,2,6,,2,4,,0,2,,
Quevedo_355,3,5,,3,3,,0,2,,
Quevedo_380,4,4,,4,2,,0,2,,
Quevedo_410,4,4,,4,2,,0,2,,
Quevedo_499,4,4,,4,2,,0,2,,
TirsoDeMolina_13,3,5,,3,3,,0,2,,
s002g_0003,2,6,,2,4,,0,2,,
s004g_0012_03,3,5,,3,3,,0,2,,
s019g_0032,3,5,,3,3,,0,2,,
s046g_0092,2,6,,2,4,,0,2,,
s051g_0103,2,6,,2,4,,0,2,,
s100g_0196,3,5,,3,3,,0,2,,
s105g_0203,3,5,,3,3,,0,2,,
s109g_0213,1,7,,1,5,,0,2,,
s121g_0246,3,5,,3,3,,0,2,,
s132g_0266,2,6,,2,4,,0,2,,
s143g_0281,4,4,,4,2,,0,2,,
s169g_0334,2,6,,2,4,,0,2,,
s218g_0459,2,6,,2,4,,0,2,,
s238g_0500,2,6,,2,4,,0,2,,
s244g_0510_03,1,7,,1,5,,0,2,,
s263g_0545,2,6,,2,4,,0,2,,
s296g_0618,2,6,,2,4,,0,2,,
s320g_0743,3,5,,3,3,,0,2,,
s369g_0837,1,7,,1,5,,0,2,,
s374g_0843,2,6,,2,4,,0,2,,
s404g_0896,1,7,,1,5,,0,2,,
s427g_0925,1,7,,1,5,,0,2,,
s436g_0942,1,7,,1,5,,0,2,,
s436g_0943,1,7,,1,5,,0,2,,
s449g_0959,2,6,,2,4,,0,2,,
AgustinDeSalazarYTorres_11,2,4,2,3,3,,-1,1,,
AgustinDeSalazarYTorres_17,1,5,2,2,4,,-1,1,,
AgustinDeSalazarYTorres_22,2,4,2,3,3,,-1,1,,
ArgensolaLupercio_17,1,5,2,2,4,,-1,1,,
ArgensolaLupercio_58,2,4,2,3,3,,-1,1,,
BernardinoDeRebolledo_26,1,5,2,2,4,,-1,1,,
BocangelYUnzueta_49,2,4,2,3,3,,-1,1,,
BocangelYUnzueta_54,2,4,2,3,3,,-1,1,,
BocangelYUnzueta_8,1,5,2,2,4,,-1,1,,
Cervantes_21,2,4,2,3,3,,-1,1,,
Cervantes_23,1,5,1,2,4,,-1,1,,
CristobalDeVirues_10,1,5,2,2,4,,-1,1,,
DiegoHurtadoDeMendoza_32,2,4,1,3,3,,-1,1,,
DiegoHurtadoDeMendoza_34,2,4,2,3,3,,-1,1,,
DiegoXimenezAyllon_11,1,5,2,2,4,,-1,1,,
FcodeBorjaYAragonPrincipeEsquilache_108,3,3,2,4,2,,-1,1,,
FcodeBorjaYAragonPrincipeEsquilache_5,3,3,2,4,2,,-1,1,,
FernandoDeHerrera_125,2,4,2,3,3,,-1,1,,
FernandoDeHerrera_127,2,4,2,3,3,,-1,1,,
FernandoDeHerrera_134,2,4,2,3,3,,-1,1,,
FernandoDeHerrera_155,2,4,2,3,3,,-1,1,,
FernandoDeHerrera_288,2,4,2,3,3,,-1,1,,
FernandoDeHerrera_52,2,4,2,3,3,,-1,1,,
FernandoDeHerrera_77,1,5,2,2,4,,-1,1,,
FernandoDeHerrera_85,1,5,2,2,4,,-1,1,,
FranciscoDeAldana_29,2,4,2,3,3,,-1,1,,
FranciscoDeLaTorre_12,1,5,2,2,4,,-1,1,,
FranciscoDeLaTorre_49,1,5,2,2,4,,-1,1,,
Gongora_27,2,4,2,3,3,,-1,1,,
Gongora_50,2,4,2,3,3,,-1,1,,
GutierreDeCetina_136,2,4,2,3,3,,-1,1,,
GutierreDeCetina_145,2,4,2,3,3,,-1,1,,
GutierreDeCetina_207,3,3,2,4,2,,-1,1,,
GutierreDeCetina_91,2,4,2,3,3,,-1,1,,
JosephDeLitalaYCastelvi_151,2,4,2,3,3,,-1,1,,
JosephDeLitalaYCastelvi_73,3,3,2,4,2,,-1,1,,
JuanBoscan_91,1,5,2,2,4,,-1,1,,
JuanDeTassisYPeralta_21,1,5,2,2,4,,-1,1,,
JuanDeTassisYPeralta_64,2,4,2,3,3,,-1,1,,
JuanDeTassisYPeralta_96,1,5,2,2,4,,-1,1,,
JuanDeTimoneda_16,1,5,2,2,4,,-1,1,,
JuanDeTimoneda_27,1,5,2,2,4,,-1,1,,
JuanDeTimoneda_3,2,4,2,3,3,,-1,1,,
LopeDeVega_1074,1,5,2,2,4,,-1,1,,
LopeDeVega_108,2,4,2,3,3,,-1,1,,
LopeDeVega_1190,2,4,2,3,3,,-1,1,,
LopeDeVega_1207,1,5,2,2,4,,-1,1,,
LopeDeVega_269,1,5,2,2,4,,-1,1,,
LopeDeVega_369,1,5,2,2,4,,-1,1,,
LopeDeVega_387,1,5,2,2,4,,-1,1,,
LopeDeVega_428,2,4,2,3,3,,-1,1,,
LopeDeVega_437,2,4,2,3,3,,-1,1,,
LopeDeVega_476,2,4,2,3,3,,-1,1,,
LopeDeVega_662,2,4,2,3,3,,-1,1,,
LopeDeVega_681,1,5,2,2,4,,-1,1,,
LopeDeVega_694,2,4,2,3,3,,-1,1,,
LopeDeVega_730,2,4,2,3,3,,-1,1,,
LopeDeVega_839,1,5,2,2,4,,-1,1,,
LopeDeVega_936,2,4,2,3,3,,-1,1,,
LuisCarrilloySotomayor_26,3,3,2,4,2,,-1,1,,
MiraDeAmescua_4,3,3,2,4,2,,-1,1,,
PantaleonDeRibera_13,3,3,2,4,2,,-1,1,,
PedroDePadilla_10,2,4,2,3,3,,-1,1,,
PedroDePadilla_15,2,4,2,3,3,,-1,1,,
PedroSotoDeRojas_25,2,4,2,3,3,,-1,1,,
PedroSotoDeRojas_30,2,4,2,3,3,,-1,1,,
PedroSotoDeRojas_58,2,4,2,3,3,,-1,1,,
Quevedo_104,2,4,2,3,3,,-1,1,,
Quevedo_14,1,5,2,2,4,,-1,1,,
Quevedo_194,3,3,2,4,2,,-1,1,,
Quevedo_212,2,4,2,3,3,,-1,1,,
Quevedo_219,2,4,2,3,3,,-1,1,,
Quevedo_290,2,4,2,3,3,,-1,1,,
Quevedo_314,1,5,2,2,4,,-1,1,,
Quevedo_340,2,4,2,3,3,,-1,1,,
Quevedo_38,1,5,2,2,4,,-1,1,,
Quevedo_399,2,4,2,3,3,,-1,1,,
Quevedo_432,2,4,2,3,3,,-1,1,,
Quevedo_495,3,3,2,4,2,,-1,1,,
TirsoDeMolina_43,3,3,2,4,2,,-1,1,,
s041g_0068,1,5,2,2,4,,-1,1,,
s072g_0132,1,5,2,2,4,,-1,1,,
s130g_0263,2,4,2,3,3,,-1,1,,
s182g_0389,2,4,2,3,3,,-1,1,,
s211g_0451,2,4,2,3,3,,-1,1,,
s240g_0502,1,5,2,2,4,,-1,1,,
s247g_0517,2,4,2,3,3,,-1,1,,
s462g_0978,1,5,2,2,4,,-1,1,,
AntonioEnriquezGomez_21,3,4,1,3,3,,0,1,,
ArgensolaBartolome_105,2,5,1,2,4,,0,1,,
ArgensolaBartolome_148,3,4,1,3,3,,0,1,,
ArgensolaBartolome_20,2,5,1,2,4,,0,1,,
ArgensolaBartolome_34,2,5,1,2,4,,0,1,,
ArgensolaBartolome_36,2,5,1,2,4,,0,1,,
ArgensolaBartolome_92,1,6,1,1,5,,0,1,,
ArgensolaLupercio_45,3,4,1,3,3,,0,1,,
BernardinoDeRebolledo_14,2,5,1,2,4,,0,1,,
BernardinoDeRebolledo_19,3,4,1,3,3,,0,1,,
BernardinoDeRebolledo_5,2,5,1,2,4,,0,1,,
BocangelYUnzueta_29,2,5,1,2,4,,0,1,,
BocangelYUnzueta_46,3,4,1,3,3,,0,1,,
BocangelYUnzueta_64,3,4,1,3,3,,0,1,,
BocangelYUnzueta_66,2,5,1,2,4,,0,1,,
BocangelYUnzueta_73,2,5,1,2,4,,0,1,,
CancerYVelasco_12,2,5,1,2,4,,0,1,,
Cervantes_29,1,6,1,1,5,,0,1,,
Cervantes_52,2,5,1,2,4,,0,1,,
Cervantes_58,4,3,1,4,2,,0,1,,
DiegoHurtadoDeMendoza_30,1,6,1,1,5,,0,1,,
DiegoXimenezAyllon_2,1,6,1,1,5,,0,1,,
EstebanManuelDeVillegas_6,1,6,1,1,5,,0,1,,
FcodeBorjaYAragonPrincipeEsquilache_109,2,5,1,2,4,,0,1,,
FcodeBorjaYAragonPrincipeEsquilache_134,2,5,1,2,4,,0,1,,
FcodeBorjaYAragonPrincipeEsquilache_135,2,5,1,2,4,,0,1,,
FcodeBorjaYAragonPrincipeEsquilache_136,2,5,1,2,4,,0,1,,
FcodeBorjaYAragonPrincipeEsquilache_27,2,5,1,2,4,,0,1,,
FcodeBorjaYAragonPrincipeEsquilache_95,3,4,1,3,3,,0,1,,
FernandoDeHerrera_103,1,6,1,1,5,,0,1,,
FernandoDeHerrera_15,2,5,1,2,4,,0,1,,
FernandoDeHerrera_18,1,6,1,1,5,,0,1,,
FernandoDeHerrera_21,5,2,1,5,1,,0,1,,
FernandoDeHerrera_279,3,4,1,3,3,,0,1,,
FernandoDeHerrera_29,3,4,1,3,3,,0,1,,
FernandoDeHerrera_308,1,6,1,1,5,,0,1,,
FernandoDeHerrera_83,2,5,1,2,4,,0,1,,
FranciscoDeAldana_12,2,5,1,2,4,,0,1,,
FranciscoDeAldana_36,4,3,1,4,2,,0,1,,
FranciscoDeAldana_4,3,4,1,3,3,,0,1,,
FranciscoDeFigueroa_11,1,6,1,1,5,,0,1,,
FranciscoDeFigueroa_5,3,4,1,3,3,,0,1,,
FranciscoDeFigueroa_7,3,4,1,3,3,,0,1,,
FranciscoDeLaTorre_26,2,5,1,2,4,,0,1,,
FranciscoDeLaTorre_60,3,4,1,3,3,,0,1,,
FranciscoDeLaTorre_71,3,4,1,3,3,,0,1,,
FranciscoDeLaTorre_72,2,5,1,2,4,,0,1,,
GarcilasoDeLaVega_07,2,5,1,2,4,,0,1,,
GarcilasoDeLaVega_21,1,6,1,1,5,,0,1,,
Gongora_74,2,5,1,2,4,,0,1,,
GregorioDeMatos_6,2,5,1,2,4,,0,1,,
GutierreDeCetina_169,2,5,1,2,4,,0,1,,
GutierreDeCetina_197,2,5,1,2,4,,0,1,,
GutierreDeCetina_204,2,5,1,2,4,,0,1,,
GutierreDeCetina_215,3,4,1,3,3,,0,1,,
GutierreDeCetina_23,2,5,1,2,4,,0,1,,
GutierreDeCetina_232,3,4,1,3,3,,0,1,,
GutierreDeCetina_27,4,3,1,4,2,,0,1,,
GutierreDeCetina_33,3,4,1,3,3,,0,1,,
GutierreDeCetina_59,2,5,1,2,4,,0,1,,
GutierreDeCetina_69,2,5,1,2,4,,0,1,,
GutierreDeCetina_79,3,4,1,3,3,,0,1,,
HernandodeAcunya_5,2,5,1,2,4,,0,1,,
HernandodeAcunya_54,3,4,1,3,3,,0,1,,
HernandodeAcunya_55,2,5,1,2,4,,0,1,,
HernandodeAcunya_56,2,5,1,2,4,,0,1,,
HernandodeAcunya_57,2,5,1,2,4,,0,1,,
JosephDeLitalaYCastelvi_102,2,5,1,2,4,,0,1,,
JosephDeLitalaYCastelvi_34,1,6,1,1,5,,0,1,,
JosephDeLitalaYCastelvi_94,2,5,1,2,4,,0,1,,
JuanBoscan_46,2,5,1,2,4,,0,1,,
JuanDeArguijo_44,3,4,1,3,3,,0,1,,
JuanDeArguijo_54,2,5,1,2,4,,0,1,,
JuanDeJauregui_20,2,5,1,2,4,,0,1,,
JuanDeJauregui_22,2,5,1,2,4,,0,1,,
JuanDeTassisYPeralta_125,4,3,1,4,2,,0,1,,
JuanDeTassisYPeralta_142,4,3,1,4,2,,0,1,,
JuanDeTassisYPeralta_189,1,6,1,1,5,,0,1,,
JuanDeTassisYPeralta_190,3,4,1,3,3,,0,1,,
JuanDeTassisYPeralta_29,1,6,1,1,5,,0,1,,
JuanDeTassisYPeralta_38,3,4,1,3,3,,0,1,,
JuanDeTassisYPeralta_8,2,5,,2,4,,0,1,,
JuanDeTassisYPeralta_9,4,3,1,4,2,,0,1,,
JuanDeTimoneda_18,2,5,1,2,4,,0,1,,
JuanDeTimoneda_26,2,5,1,2,4,,0,1,,
JuanDeTimoneda_7,1,6,1,1,5,,0,1,,
JuanaInesDeLaCruz_16,2,5,1,2,4,,0,1,,
JuanaInesDeLaCruz_45,2,5,1,2,4,,0,1,,
LopeDeVega_1025,2,5,1,2,4,,0,1,,
LopeDeVega_109,1,6,1,1,5,,0,1,,
LopeDeVega_1146,2,5,1,2,4,,0,1,,
LopeDeVega_1201,2,5,1,2,4,,0,1,,
LopeDeVega_1208,1,6,1,1,5,,0,1,,
LopeDeVega_13,3,4,1,3,3,,0,1,,
LopeDeVega_1302,1,6,1,1,5,,0,1,,
LopeDeVega_1324,3,4,1,3,3,,0,1,,
LopeDeVega_169,3,4,1,3,3,,0,1,,
LopeDeVega_189,1,6,1,1,5,,0,1,,
LopeDeVega_190,3,4,1,3,3,,0,1,,
LopeDeVega_214,3,4,1,3,3,,0,1,,
LopeDeVega_374,1,6,,1,5,,0,1,,
LopeDeVega_394,1,6,1,1,5,,0,1,,
LopeDeVega_395,2,5,1,2,4,,0,1,,
LopeDeVega_458,3,4,1,3,3,,0,1,,
LopeDeVega_475,1,6,,1,5,,0,1,,
LopeDeVega_503,2,5,1,2,4,,0,1,,
LopeDeVega_518,2,5,1,2,4,,0,1,,
LopeDeVega_532,2,5,1,2,4,,0,1,,
LopeDeVega_533,2,5,1,2,4,,0,1,,
LopeDeVega_556,4,3,1,4,2,,0,1,,
LopeDeVega_561,1,6,1,1,5,,0,1,,
LopeDeVega_564,2,5,1,2,4,,0,1,,
LopeDeVega_566,1,6,1,1,5,,0,1,,
LopeDeVega_578,1,6,1,1,5,,0,1,,
LopeDeVega_610,1,6,1,1,5,,0,1,,
LopeDeVega_629,1,6,1,1,5,,0,1,,
LopeDeVega_647,2,5,1,2,4,,0,1,,
LopeDeVega_656,2,5,1,2,4,,0,1,,
LopeDeVega_659,2,5,1,2,4,,0,1,,
LopeDeVega_69,3,4,1,3,3,,0,1,,
LopeDeVega_699,1,6,1,1,5,,0,1,,
LopeDeVega_71,2,5,1,2,4,,0,1,,
LopeDeVega_725,3,4,,3,3,,0,1,,
LopeDeVega_732,2,5,1,2,4,,0,1,,
LopeDeVega_771,2,5,1,2,4,,0,1,,
LopeDeVega_775,2,5,1,2,4,,0,1,,
LopeDeVega_793,1,6,1,1,5,,0,1,,
LopeDeVega_838,4,3,1,4,2,,0,1,,
LopeDeVega_85,3,4,1,3,3,,0,1,,
LopeDeVega_880,1,6,1,1,5,,0,1,,
LopeDeVega_900,3,4,1,3,3,,0,1,,
LopeDeVega_914,2,5,1,2,4,,0,1,,
LopeDeVega_929,1,6,1,1,5,,0,1,,
LopeDeVega_965,1,6,1,1,5,,0,1,,
LopeDeVega_975,2,5,1,2,4,,0,1,,
LopeDeVega_983,3,4,1,3,3,,0,1,,
LopeDeZarate_1,1,6,1,1,5,,0,1,,
LopeDeZarate_12,2,5,1,2,4,,0,1,,
LopeDeZarate_2,1,6,1,1,5,,0,1,,
LopeDeZarate_26,2,5,1,2,4,,0,1,,
LopeDeZarate_32,2,5,,2,4,,0,1,,
LuisDeUlloaYPereira_88,4,3,1,4,2,,0,1,,
LuisDeUlloaYPereira_99,4,3,1,4,2,,0,1,,
LuisMartinDeLaPlaza_7,1,6,1,1,5,,0,1,,
PantaleonDeRibera_17,2,5,1,2,4,,0,1,,
PedroEspinosa_5,2,5,1,2,4,,0,1,,
PedroSotoDeRojas_124,2,5,1,2,4,,0,1,,
PedroSotoDeRojas_7,4,3,1,4,2,,0,1,,
PedroSotoDeRojas_72,2,5,1,2,4,,0,1,,
PedroSotoDeRojas_80,2,5,1,2,4,,0,1,,
PoloDeMedina_13,3,4,1,3,3,,0,1,,
PoloDeMedina_7,2,5,1,2,4,,0,1,,
Quevedo_118,2,5,1,2,4,,0,1,,
Quevedo_121,2,5,1,2,4,,0,1,,
Quevedo_138,2,5,1,2,4,,0,1,,
Quevedo_185,2,5,1,2,4,,0,1,,
Quevedo_246,3,4,1,3,3,,0,1,,
Quevedo_307,2,5,1,2,4,,0,1,,
Quevedo_315,3,4,1,3,3,,0,1,,
Quevedo_335,3,4,1,3,3,,0,1,,
Quevedo_357,3,4,1,3,3,,0,1,,
Quevedo_376,2,5,1,2,4,,0,1,,
Quevedo_43,3,4,1,3,3,,0,1,,
Quevedo_450,2,5,1,2,4,,0,1,,
Quevedo_48,3,4,1,3,3,,0,1,,
Quevedo_61,2,5,1,2,4,,0,1,,
TirsoDeMolina_2,4,3,1,4,2,,0,1,,
TirsoDeMolina_56,2,5,1,2,4,,0,1,,
TrilloYFigueroa_42,3,4,1,3,3,,0,1,,
s020g_0033,2,5,1,2,4,,0,1,,
s052g_0106,2,5,,2,4,,0,1,,
s077g_0137,1,6,1,1,5,,0,1,,
s113g_0219,1,6,1,1,5,2,0,1,,
s113g_0235,3,4,1,3,3,,0,1,,
s175g_0341,3,4,1,3,3,,0,1,,
s203g_0422,3,4,1,3,3,,0,1,,
s248g_0524,3,4,1,3,3,,0,1,,
s261g_0542,1,6,1,1,5,,0,1,,
s278g_0573,5,2,1,5,1,,0,1,,
s290g_0608,1,6,1,1,5,,0,1,,
s298g_0621,4,3,1,4,2,,0,1,,
s323g_0747,2,5,1,2,4,,0,1,,
s334g_0782,1,6,1,1,5,,0,1,,
s336g_0787,3,4,1,3,3,,0,1,,
s385g_0856,3,4,1,3,3,,0,1,,
s394g_0879,2,5,1,2,4,,0,1,,
s398g_0889,3,4,1,3,3,,0,1,,
s410g_0902,4,3,1,4,2,,0,1,,
s412g_0907,1,6,1,1,5,,0,1,,
s427g_0929,2,5,,2,4,,0,1,,
s455g_0970,1,6,1,1,5,2,0,1,,
s458g_0974,2,5,1,2,4,,0,1,,
s471g_0991,2,5,1,2,4,,0,1,,
AgustinDeSalazarYTorres_10,4,4,,3,3,,1,1,,
AgustinDeSalazarYTorres_23,3,5,,2,4,,1,1,,
AgustinDeSalazarYTorres_8,5,3,,4,2,,1,1,,
AntonioEnriquezGomez_13,5,3,,4,2,,1,1,,
AntonioEnriquezGomez_31,3,5,,2,4,,1,1,,
AntonioEnriquezGomez_35,2,6,,1,5,,1,1,,
ArgensolaBartolome_102,3,5,,2,4,,1,1,,
ArgensolaBartolome_132,2,6,,1,5,,1,1,,
ArgensolaBartolome_41,3,5,,2,4,,1,1,,
ArgensolaLupercio_7,2,6,,1,5,,1,1,,
BernardinoDeRebolledo_1,3,5,,2,4,,1,1,,
BernardinoDeRebolledo_4,3,5,,2,4,,1,1,,
BernardinoDeRebolledo_51,2,6,,1,5,,1,1,,
BocangelYUnzueta_19,5,3,,4,2,,1,1,,
BocangelYUnzueta_20,5,3,,4,2,,1,1,,
BocangelYUnzueta_7,3,5,,2,4,,1,1,,
BocangelYUnzueta_74,4,4,,3,3,,1,1,,
BocangelYUnzueta_9,4,4,,3,3,,1,1,,
Cervantes_28,2,6,,1,5,,1,1,,
Cervantes_68,3,5,,2,4,,1,1,,
DiegoHurtadoDeMendoza_23,3,5,,2,4,,1,1,,
FcodeBorjaYAragonPrincipeEsquilache_23,5,3,,4,2,,1,1,,
FcodeBorjaYAragonPrincipeEsquilache_62,2,6,,1,5,,1,1,,
FcodeBorjaYAragonPrincipeEsquilache_8,3,5,,2,4,,1,1,,
FernandoDeHerrera_131,3,5,,2,4,,1,1,,
FernandoDeHerrera_136,3,5,,2,4,,1,1,,
FernandoDeHerrera_182,3,5,,2,4,,1,1,,
FernandoDeHerrera_190,3,5,,2,4,,1,1,,
FernandoDeHerrera_195,2,6,,1,5,,1,1,,
FernandoDeHerrera_200,2,6,,1,5,,1,1,,
FernandoDeHerrera_206,3,5,,2,4,,1,1,,
FernandoDeHerrera_309,3,5,,2,4,,1,1,,
FernandoDeHerrera_317,4,4,,3,3,,1,1,,
FernandoDeHerrera_58,2,6,,1,5,,1,1,,
FernandoDeHerrera_63,3,5,,2,4,,1,1,,
FernandoDeHerrera_81,3,5,,2,4,,1,1,,
FranciscoDeAldana_24,2,6,,1,5,,1,1,,
FranciscoDeLaTorre_41,3,5,,2,4,,1,1,,
FranciscoDeLaTorre_65,4,4,,3,3,,1,1,,
FranciscoDeLaTorre_7,3,5,,2,4,,1,1,,
FranciscoDeLaTorre_76,2,6,,1,5,,1,1,,
Gongora_103,2,6,,1,5,,1,1,,
GutierreDeCetina_11,2,6,,1,5,,1,1,,
GutierreDeCetina_188,5,3,,4,2,,1,1,,
GutierreDeCetina_195,2,6,,1,5,,1,1,,
GutierreDeCetina_199,3,5,,2,4,,1,1,,
GutierreDeCetina_216,3,5,,2,4,,1,1,,
GutierreDeCetina_240,3,5,,2,4,,1,1,,
GutierreDeCetina_31,2,6,,1,5,,1,1,,
GutierreDeCetina_37,3,5,,2,4,,1,1,,
GutierreDeCetina_40,2,6,,1,5,,1,1,,
GutierreDeCetina_52,4,4,,3,3,,1,1,,
GutierreDeCetina_65,4,4,,3,3,,1,1,,
HernandodeAcunya_21,2,6,,1,5,,1,1,,
HernandodeAcunya_29,3,5,,2,4,,1,1,,
JosephDeLitalaYCastelvi_50,4,4,,3,3,,1,1,,
JuanBoscan_12,3,5,,2,4,,1,1,,
JuanBoscan_20,3,5,,2,4,,1,1,,
JuanBoscan_28,3,5,,2,4,,1,1,,
JuanBoscan_3,4,4,,3,3,,1,1,,
JuanBoscan_44,3,5,,2,4,,1,1,,
JuanDeArguijo_24,4,4,,3,3,,1,1,,
JuanDeArguijo_46,3,5,,2,4,,1,1,,
JuanDeTassisYPeralta_128,2,6,,1,5,,1,1,,
JuanDeTassisYPeralta_131,4,4,,3,3,,1,1,,
JuanDeTassisYPeralta_177,2,6,,1,5,,1,1,,
JuanDeTassisYPeralta_178,4,4,,3,3,,1,1,,
JuanDeTassisYPeralta_196,2,6,,1,5,,1,1,,
JuanDeTassisYPeralta_81,3,5,,2,4,,1,1,,
JuanDeTassisYPeralta_94,4,4,,3,3,,1,1,,
JuanDeTimoneda_5,3,5,,2,4,,1,1,,
JuanaInesDeLaCruz_30,4,4,,3,3,,1,1,,
JuanaInesDeLaCruz_47,2,6,,1,5,,1,1,,
JuanaInesDeLaCruz_48,2,6,,1,5,,1,1,,
JuanaInesDeLaCruz_60,3,5,,2,4,,1,1,,
LopeDeVega_1035,2,6,,1,5,,1,1,,
LopeDeVega_1041,3,5,,2,4,,1,1,,
LopeDeVega_1115,3,5,,2,4,,1,1,,
LopeDeVega_1139,2,6,,1,5,,1,1,,
LopeDeVega_1162,2,6,,1,5,,1,1,,
LopeDeVega_1180,4,4,,3,3,,1,1,,
LopeDeVega_1191,5,3,,4,2,,1,1,,
LopeDeVega_1213,5,3,,4,2,,1,1,,
LopeDeVega_1226,3,5,,2,4,,1,1,,
LopeDeVega_1242,2,6,,1,5,,1,1,,
LopeDeVega_1263,3,5,,2,4,,1,1,,
LopeDeVega_1265,5,3,,4,2,,1,1,,
LopeDeVega_1270,2,6,,1,5,,1,1,,
LopeDeVega_1303,5,3,,4,2,,1,1,,
LopeDeVega_153,2,6,,1,5,,1,1,,
LopeDeVega_351,3,5,,2,4,,1,1,,
LopeDeVega_364,3,5,,2,4,,1,1,,
LopeDeVega_366,2,6,,1,5,,1,1,,
LopeDeVega_413,2,6,,1,5,,1,1,,
LopeDeVega_447,2,6,,1,5,,1,1,,
LopeDeVega_449,3,5,,2,4,,1,1,,
LopeDeVega_497,2,6,,1,5,,1,1,,
LopeDeVega_554,2,6,,1,5,,1,1,,
LopeDeVega_583,3,5,,2,4,,1,1,,
LopeDeVega_585,3,5,,2,4,,1,1,,
LopeDeVega_670,2,6,,1,5,,1,1,,
LopeDeVega_679,3,5,,2,4,,1,1,,
LopeDeVega_68,2,6,,1,5,,1,1,,
LopeDeVega_689,3,5,,2,4,,1,1,,
LopeDeVega_690,3,5,,2,4,,1,1,,
LopeDeVega_718,2,6,,1,5,,1,1,,
LopeDeVega_729,2,6,,1,5,,1,1,,
LopeDeVega_783,3,5,,2,4,,1,1,,
LopeDeVega_832,2,6,,1,5,,1,1,,
LopeDeVega_849,3,5,,2,4,,1,1,,
LopeDeVega_850,2,6,,1,5,,1,1,,
LopeDeVega_867,4,4,,3,3,,1,1,,
LopeDeVega_872,5,3,,4,2,,1,1,,
LopeDeVega_896,3,5,,2,4,,1,1,,
LopeDeVega_909,3,5,,2,4,,1,1,,
LopeDeVega_952,3,5,,2,4,,1,1,,
LopeDeVega_980,3,5,,2,4,,1,1,,
LopeDeZarate_43,4,4,,3,3,,1,1,,
LopeDeZarate_55,2,6,,1,5,,1,1,,
LuisCarrilloySotomayor_18,3,5,,2,4,,1,1,,
LuisCarrilloySotomayor_4,2,6,,1,5,,1,1,,
LuisCarrilloySotomayor_5,5,3,,4,2,,1,1,,
LuisDeUlloaYPereira_28,3,5,,2,4,,1,1,,
LuisDeUlloaYPereira_62,3,5,,2,4,,1,1,,
LuisDeUlloaYPereira_64,3,5,,2,4,,1,1,,
LuisDeUlloaYPereira_83,4,4,,3,3,,1,1,,
LuisMartinDeLaPlaza_19,4,4,,3,3,,1,1,,
PedroDePadilla_17,5,3,,4,2,,1,1,,
PedroEspinosa_12,4,4,,3,3,,1,1,,
PedroEspinosa_6,3,5,,2,4,,1,1,,
PedroSotoDeRojas_13,3,5,,2,4,,1,1,,
PedroSotoDeRojas_28,2,6,,1,5,,1,1,,
PedroSotoDeRojas_36,3,5,,2,4,,1,1,,
PedroSotoDeRojas_79,3,5,,2,4,,1,1,,
PedroSotoDeRojas_88,3,5,,2,4,,1,1,,
PoloDeMedina_12,4,4,,3,3,,1,1,,
Quevedo_147,3,5,,2,4,,1,1,,
Quevedo_15,2,6,,1,5,,1,1,,
Quevedo_224,2,6,,1,5,,1,1,,
Quevedo_338,2,6,,1,5,,1,1,,
Quevedo_442,2,6,,1,5,,1,1,,
Quevedo_446,3,5,,2,4,,1,1,,
Quevedo_473,5,3,,4,2,,1,1,,
Quevedo_475,4,4,,3,3,,1,1,,
Quevedo_506,4,4,,3,3,,1,1,,
TirsoDeMolina_17,2,6,,1,5,,1,1,,
TirsoDeMolina_29,4,4,,3,3,,1,1,,
TirsoDeMolina_36,4,4,,3,3,,1,1,,
TrilloYFigueroa_37,3,5,,2,4,,1,1,,
s007g_0015,3,5,,2,4,,1,1,,
s012g_0024,5,3,,4,2,,1,1,,
s020g_0035,3,5,,2,4,,1,1,,
s026g_0047,5,3,,4,2,,1,1,,
s051g_0102,5,3,,4,2,,1,1,,
s058g_0114_02,3,5,,2,4,,1,1,,
s088g_0157,2,6,,1,5,,1,1,,
s088g_0158,2,6,,1,5,,1,1,,
s117g_0239,3,5,,2,4,,1,1,,
s149g_0289,2,6,,1,5,,1,1,,
s175g_0340,5,3,,4,2,,1,1,,
s194g_0412,3,5,,2,4,,1,1,,
s210g_0450,6,2,,5,1,,1,1,,
s212g_0452,2,6,,1,5,,1,1,,
s227g_0472,4,4,,3,3,,1,1,,
s242g_0508,4,4,,3,3,,1,1,,
s244g_0510_07,2,6,,1,5,,1,1,,
s246g_0512,3,5,,2,4,,1,1,,
s247g_0522,2,6,,1,5,,1,1,,
s248g_0523,3,5,,2,4,,1,1,,
s278g_0576,4,4,,3,3,,1,1,,
s298g_0624,5,3,,4,2,,1,1,,
s302g_0628,4,4,,3,3,,1,1,,
s306g_0633,3,5,,2,4,,1,1,,
s320g_0742,2,6,,1,5,,1,1,,
s337g_0789,3,5,,2,4,,1,1,,
s338g_0791,3,5,,2,4,,1,1,,
s354g_0813,3,5,,2,4,,1,1,,
s371g_0839,3,5,,2,4,,1,1,,
s427g_0930,3,5,,2,4,,1,1,,
s427g_0931,4,4,,3,3,,1,1,,
s449g_0962,3,5,,2,4,,1,1,,
s459g_0975,3,5,,2,4,,1,1,,
s113g_0225,4,4,,5,4,1,-1,0,,
AgustinDeSalazarYTorres_29,2,4,2,2,4,,0,0,,
AntonioEnriquezGomez_29,1,5,2,1,5,,0,0,,
ArgensolaBartolome_113,3,3,2,3,3,,0,0,,
ArgensolaBartolome_140,1,5,2,1,5,,0,0,,
ArgensolaBartolome_16,1,5,,1,5,,0,0,,
ArgensolaBartolome_28,3,3,2,3,3,,0,0,,
ArgensolaBartolome_5,3,3,2,3,3,,0,0,,
ArgensolaBartolome_68,1,5,2,1,5,,0,0,,
ArgensolaBartolome_95,2,4,2,2,4,,0,0,,
ArgensolaBartolome_96,2,4,2,2,4,,0,0,,
BernardinoDeRebolledo_29,2,4,2,2,4,,0,0,,
BernardinoDeRebolledo_30,3,3,2,3,3,,0,0,,
Cervantes_61,2,4,2,2,4,,0,0,,
DiegoHurtadoDeMendoza_24,1,5,2,1,5,,0,0,,
DiegoHurtadoDeMendoza_28,2,4,2,2,4,,0,0,,
DiegoHurtadoDeMendoza_47,1,5,2,1,5,,0,0,,
DiegoHurtadoDeMendoza_8,3,3,2,3,3,,0,0,,
DiegoRamirezPagan_6,2,4,2,2,4,,0,0,,
DiegoXimenezAyllon_12,3,3,2,3,3,,0,0,,
DiegoXimenezAyllon_31,1,5,2,1,5,,0,0,,
FcodeBorjaYAragonPrincipeEsquilache_32,1,5,2,1,5,,0,0,,
FcodeBorjaYAragonPrincipeEsquilache_61,2,4,2,2,4,,0,0,,
FernandoDeHerrera_146,2,4,2,2,4,,0,0,,
FernandoDeHerrera_162,2,4,2,2,4,,0,0,,
FernandoDeHerrera_183,3,3,2,3,3,,0,0,,
FernandoDeHerrera_188,3,3,2,3,3,,0,0,,
FernandoDeHerrera_20,2,4,2,2,4,,0,0,,
FernandoDeHerrera_28,2,4,2,2,4,,0,0,,
FernandoDeHerrera_312,3,3,2,3,3,,0,0,,
FernandoDeHerrera_315,1,5,2,1,5,,0,0,,
FernandoDeHerrera_36,1,5,2,1,5,,0,0,,
FranciscoDeAldana_19,1,5,2,1,5,,0,0,,
FranciscoDeAldana_25,1,5,2,1,5,,0,0,,
FranciscoDeAldana_37,2,4,2,2,4,,0,0,,
FranciscoDeAldana_8,1,5,2,1,5,,0,0,,
FranciscoDeLaTorre_23,3,3,2,3,3,,0,0,,
Gongora_16,4,2,2,4,2,,0,0,,
Gongora_59,2,4,2,2,4,,0,0,,
Gongora_90,1,5,2,1,5,,0,0,,
GregorioDeMatos_5,1,5,2,1,5,,0,0,,
GregorioDeMatos_7,2,4,1,2,4,,0,0,,
GutierreDeCetina_152,2,4,2,2,4,,0,0,,
GutierreDeCetina_80,3,3,2,3,3,,0,0,,
HernandodeAcunya_15,2,4,2,2,4,,0,0,,
HernandodeAcunya_46,2,4,2,2,4,,0,0,,
JosephDeLitalaYCastelvi_103,2,4,2,2,4,,0,0,,
JosephDeLitalaYCastelvi_129,4,2,2,4,2,,0,0,,
JosephDeLitalaYCastelvi_3,2,4,2,2,4,,0,0,,
JosephDeLitalaYCastelvi_92,2,4,2,2,4,,0,0,,
JuanBoscan_32,3,3,2,3,3,,0,0,,
JuanBoscan_78,4,2,2,4,2,,0,0,,
JuanDeAlmeida_27,1,5,2,1,5,,0,0,,
JuanDeAlmeida_3,3,3,2,3,3,,0,0,,
JuanDeArguijo_13,1,5,2,1,5,,0,0,,
JuanDeArguijo_41,2,4,2,2,4,,0,0,,
JuanDeArguijo_62,2,4,2,2,4,,0,0,,
JuanDeJauregui_16,2,4,2,2,4,,0,0,,
JuanDeTassisYPeralta_12,2,4,2,2,4,,0,0,,
JuanDeTassisYPeralta_139,3,3,2,3,3,,0,0,,
JuanDeTassisYPeralta_188,1,5,2,1,5,,0,0,,
JuanDeTassisYPeralta_200,2,4,2,2,4,,0,0,,
JuanDeTassisYPeralta_23,2,4,2,2,4,,0,0,,
JuanDeTassisYPeralta_49,2,4,2,2,4,,0,0,,
JuanDeTassisYPeralta_57,2,4,2,2,4,,0,0,,
JuanDeTimoneda_11,2,4,2,2,4,,0,0,,
JuanDeTimoneda_12,1,5,2,1,5,,0,0,,
JuanaInesDeLaCruz_10,2,4,2,2,4,,0,0,,
JuanaInesDeLaCruz_37,2,4,2,2,4,,0,0,,
LopeDeVega_1033,3,3,2,3,3,,0,0,,
LopeDeVega_1138,1,5,2,1,5,,0,0,,
LopeDeVega_1142,4,2,2,4,2,,0,0,,
LopeDeVega_121,2,4,2,2,4,,0,0,,
LopeDeVega_1327,3,3,2,3,3,,0,0,,
LopeDeVega_1340,3,3,2,3,3,,0,0,,
LopeDeVega_136,2,4,2,2,4,,0,0,,
LopeDeVega_14,1,5,2,1,5,,0,0,,
LopeDeVega_201,1,5,2,1,5,,0,0,,
LopeDeVega_285,1,5,2,1,5,,0,0,,
LopeDeVega_355,1,5,2,1,5,,0,0,,
LopeDeVega_398,3,3,2,3,3,,0,0,,
LopeDeVega_421,2,4,2,2,4,,0,0,,
LopeDeVega_489,4,2,2,4,2,,0,0,,
LopeDeVega_535,1,5,2,1,5,,0,0,,
LopeDeVega_553,1,5,2,1,5,,0,0,,
LopeDeVega_595,2,4,2,2,4,,0,0,,
LopeDeVega_600,4,2,2,4,2,,0,0,,
LopeDeVega_633,4,2,2,4,2,,0,0,,
LopeDeVega_649,2,4,2,2,4,,0,0,,
LopeDeVega_660,2,4,2,2,4,,0,0,,
LopeDeVega_667,2,4,2,2,4,,0,0,,
LopeDeVega_702,4,2,2,4,2,,0,0,,
LopeDeVega_731,3,3,2,3,3,,0,0,,
LopeDeVega_748,2,4,2,2,4,,0,0,,
LopeDeVega_78,2,4,2,2,4,,0,0,,
LopeDeVega_81,2,4,2,2,4,,0,0,,
LopeDeVega_876,1,5,2,1,5,,0,0,,
LopeDeVega_906,1,5,2,1,5,,0,0,,
LopeDeVega_948,2,4,2,2,4,,0,0,,
LopeDeZarate_40,2,4,2,2,4,,0,0,,
LopeDeZarate_52,1,5,2,1,5,,0,0,,
LuisCarrilloySotomayor_17,3,3,2,3,3,,0,0,,
LuisDeUlloaYPereira_35,4,2,2,4,2,,0,0,,
PedroDePadilla_20,2,4,2,2,4,,0,0,,
PedroDePadilla_24,1,5,2,1,5,,0,0,,
PedroSotoDeRojas_101,3,3,2,3,3,,0,0,,
PedroSotoDeRojas_66,4,2,2,4,2,,0,0,,
Quevedo_273,3,3,2,3,3,,0,0,,
Quevedo_404,4,2,2,4,2,,0,0,,
Quevedo_496,3,3,2,3,3,,0,0,,
Quevedo_68,3,3,2,3,3,,0,0,,
Quevedo_80,3,3,2,3,3,,0,0,,
Quevedo_82,2,4,2,2,4,,0,0,,
Quevedo_87,2,4,2,2,4,,0,0,,
TrilloYFigueroa_30,4,2,2,4,2,,0,0,,
TrilloYFigueroa_33,5,1,2,5,1,,0,0,,
TrilloYFigueroa_44,2,4,2,2,4,,0,0,,
s021g_0038,2,4,2,2,4,,0,0,,
s036g_0061,1,5,2,1,5,,0,0,,
s060g_0120,1,5,2,1,5,,0,0,,
s085g_0148,2,4,2,2,4,,0,0,,
s088g_0160,1,5,2,1,5,,0,0,,
s090g_0184,1,5,2,1,5,,0,0,,
s113g_0226,1,5,2,1,5,,0,0,,
s202g_0420,1,5,2,1,5,,0,0,,
s347g_0805,1,5,2,1,5,,0,0,,
s379g_0849,2,4,1,2,4,,0,0,,
s463g_0979,1,5,2,1,5,,0,0,,
AntonioEnriquezGomez_15,2,5,1,1,5,,1,0,,
AntonioEnriquezGomez_3,2,5,1,1,5,,1,0,,
AntonioHurtadoDeMendoza_11,2,5,1,1,5,,1,0,,
ArgensolaBartolome_143,3,4,1,2,4,,1,0,,
ArgensolaBartolome_48,2,5,1,1,5,,1,0,,
ArgensolaBartolome_74,3,4,1,2,4,,1,0,,
ArgensolaBartolome_82,2,5,1,1,5,,1,0,,
ArgensolaLupercio_1,3,4,1,2,4,,1,0,,
ArgensolaLupercio_14,4,3,1,3,3,,1,0,,
ArgensolaLupercio_16,3,4,1,2,4,,1,0,,
BaltasarDeAlcazar_17,2,5,1,1,5,,1,0,,
BernardinoDeRebolledo_13,4,3,1,3,3,,1,0,,
BernardinoDeRebolledo_31,4,3,1,3,3,,1,0,,
BernardinoDeRebolledo_44,3,4,1,2,4,,1,0,,
BocangelYUnzueta_40,5,2,1,4,2,,1,0,,
BocangelYUnzueta_61,2,5,1,1,5,,1,0,,
CancerYVelasco_3,3,4,1,2,4,,1,0,,
Cervantes_44,3,4,1,2,4,,1,0,,
DiegoXimenezAyllon_30,3,4,1,2,4,,1,0,,
FcodeBorjaYAragonPrincipeEsquilache_16,3,4,1,2,4,,1,0,,
FcodeBorjaYAragonPrincipeEsquilache_17,3,4,1,2,4,,1,0,,
FcodeBorjaYAragonPrincipeEsquilache_22,3,4,1,2,4,,1,0,,
FcodeBorjaYAragonPrincipeEsquilache_52,5,2,1,4,2,,1,0,,
FernandoDeHerrera_154,2,5,1,1,5,,1,0,,
FernandoDeHerrera_191,4,3,1,3,3,,1,0,,
FernandoDeHerrera_22,2,5,1,1,5,,1,0,,
FernandoDeHerrera_223,2,5,1,1,5,,1,0,,
FernandoDeHerrera_62,2,5,1,1,5,,1,0,,
FernandoDeHerrera_75,4,3,1,3,3,,1,0,,
FernandoDeHerrera_76,5,2,1,4,2,,1,0,,
FranciscoDeAldana_27,3,4,1,2,4,,1,0,,
FranciscoDeAldana_28,3,4,1,2,4,,1,0,,
FranciscoDeAldana_42,2,5,1,1,5,,1,0,,
FranciscoDeFigueroa_1,2,5,1,1,5,,1,0,,
FranciscoDeLaTorre_13,2,5,1,1,5,,1,0,,
FranciscoDeLaTorre_47,3,4,1,2,4,,1,0,,
FranciscoDeLaTorre_52,2,5,1,1,5,,1,0,,
Gongora_26,4,3,1,3,3,,1,0,,
Gongora_63,3,4,1,2,4,,1,0,,
GutierreDeCetina_153,3,4,1,2,4,,1,0,,
GutierreDeCetina_19,2,5,1,1,5,,1,0,,
GutierreDeCetina_201,5,2,1,4,2,,1,0,,
GutierreDeCetina_238,2,5,1,1,5,,1,0,,
GutierreDeCetina_4,2,5,1,1,5,,1,0,,
GutierreDeCetina_92,3,4,1,2,4,,1,0,,
GutierreDeCetina_93,2,5,1,1,5,,1,0,,
HernandodeAcunya_38,3,4,,2,4,,1,0,,
JosephDeLitalaYCastelvi_113,4,3,1,3,3,,1,0,,
JosephDeLitalaYCastelvi_132,4,3,1,3,3,,1,0,,
JosephDeLitalaYCastelvi_149,2,5,1,1,5,,1,0,,
JuanBoscan_25,2,5,1,1,5,,1,0,,
JuanBoscan_90,3,4,1,2,4,,1,0,,
JuanDeAlmeida_9,2,5,1,1,5,,1,0,,
JuanDeTassisYPeralta_130,5,2,1,4,2,,1,0,,
JuanDeTassisYPeralta_144,3,4,1,2,4,,1,0,,
JuanDeTassisYPeralta_155,3,4,1,2,4,,1,0,,
JuanDeTassisYPeralta_162,5,2,1,4,2,,1,0,,
JuanDeTassisYPeralta_173,3,4,1,2,4,,1,0,,
JuanDeTassisYPeralta_174,3,4,1,2,4,,1,0,,
JuanDeTassisYPeralta_181,2,5,1,1,5,,1,0,,
JuanDeTassisYPeralta_182,3,4,1,2,4,,1,0,,
JuanDeTassisYPeralta_47,3,4,1,2,4,,1,0,,
JuanDeTassisYPeralta_74,4,3,1,3,3,,1,0,,
JuanaInesDeLaCruz_51,3,4,1,2,4,,1,0,,
JuanaInesDeLaCruz_61,3,4,1,2,4,,1,0,,
JuanaInesDeLaCruz_8,4,3,1,3,3,,1,0,,
LopeDeVega_1024,2,5,1,1,5,,1,0,,
LopeDeVega_1078,3,4,1,2,4,,1,0,,
LopeDeVega_1149,2,5,1,1,5,,1,0,,
LopeDeVega_1154,3,4,1,2,4,,1,0,,
LopeDeVega_1194,3,4,1,2,4,,1,0,,
LopeDeVega_1215,3,4,1,2,4,,1,0,,
LopeDeVega_1220,2,5,1,1,5,,1,0,,
LopeDeVega_1245,3,4,1,2,4,,1,0,,
LopeDeVega_1287,2,5,1,1,5,,1,0,,
LopeDeVega_1288,2,5,1,1,5,,1,0,,
LopeDeVega_1296,2,5,1,1,5,,1,0,,
LopeDeVega_134,3,4,1,2,4,,1,0,,
LopeDeVega_159,4,3,1,3,3,,1,0,,
LopeDeVega_162,2,5,1,1,5,,1,0,,
LopeDeVega_172,3,4,1,2,4,,1,0,,
LopeDeVega_174,2,5,1,1,5,,1,0,,
LopeDeVega_197,4,3,1,3,3,,1,0,,
LopeDeVega_202,3,4,1,2,4,,1,0,,
LopeDeVega_333,2,5,1,1,5,,1,0,,
LopeDeVega_388,2,5,1,1,5,,1,0,,
LopeDeVega_423,2,5,1,1,5,,1,0,,
LopeDeVega_448,2,5,1,1,5,,1,0,,
LopeDeVega_46,3,4,1,2,4,,1,0,,
LopeDeVega_502,2,5,1,1,5,,1,0,,
LopeDeVega_608,2,5,1,1,5,,1,0,,
LopeDeVega_612,2,5,1,1,5,,1,0,,
LopeDeVega_655,3,4,1,2,4,,1,0,,
LopeDeVega_704,3,4,1,2,4,,1,0,,
LopeDeVega_705,3,4,1,2,4,,1,0,,
LopeDeVega_711,2,5,1,1,5,,1,0,,
LopeDeVega_752,3,4,1,2,4,,1,0,,
LopeDeVega_804,4,3,1,3,3,,1,0,,
LopeDeVega_814,2,5,1,1,5,,1,0,,
LopeDeVega_847,3,4,1,2,4,,1,0,,
LopeDeVega_893,2,5,1,1,5,,1,0,,
LopeDeVega_899,2,5,1,1,5,,1,0,,
LopeDeVega_927,2,5,1,1,5,,1,0,,
LopeDeVega_934,2,5,1,1,5,,1,0,,
LopeDeVega_970,2,5,1,1,5,,1,0,,
LopeDeVega_98,2,5,1,1,5,,1,0,,
LopeDeVega_999,4,3,1,3,3,,1,0,,
LopeDeZarate_20,3,4,,2,4,,1,0,,
LopeDeZarate_44,2,5,1,1,5,,1,0,,
LopeDeZarate_7,2,5,1,1,5,,1,0,,
LuisCarrilloySotomayor_12,2,5,1,1,5,,1,0,,
LuisCarrilloySotomayor_3,3,4,1,2,4,,1,0,,
LuisCarrilloySotomayor_42,3,4,1,2,4,,1,0,,
LuisCarrilloySotomayor_7,4,3,1,3,3,,1,0,,
LuisDeUlloaYPereira_71,3,4,1,2,4,,1,0,,
LuisDeUlloaYPereira_75,2,5,1,1,5,,1,0,,
LuisDeUlloaYPereira_87,4,3,1,3,3,,1,0,,
LuisDeUlloaYPereira_9,4,3,1,3,3,,1,0,,
PedroDePadilla_34,3,4,1,2,4,,1,0,,
PedroSotoDeRojas_113,4,3,1,3,3,,1,0,,
PedroSotoDeRojas_12,3,4,1,2,4,,1,0,,
PedroSotoDeRojas_40,2,5,1,1,5,,1,0,,
PedroSotoDeRojas_70,2,5,1,1,5,,1,0,,
PoloDeMedina_2,3,4,1,2,4,,1,0,,
Quevedo_146,3,4,1,2,4,,1,0,,
Quevedo_230,3,4,1,2,4,,1,0,,
Quevedo_241,5,2,1,4,2,,1,0,,
Quevedo_257,3,4,1,2,4,,1,0,,
Quevedo_34,3,4,1,2,4,,1,0,,
Quevedo_345,3,4,1,2,4,,1,0,,
Quevedo_362,4,3,1,3,3,,1,0,,
Quevedo_366,3,4,1,2,4,,1,0,,
Quevedo_409,4,3,1,3,3,,1,0,,
Quevedo_423,3,4,1,2,4,,1,0,,
Quevedo_427,3,4,1,2,4,,1,0,,
Quevedo_452,3,4,1,2,4,,1,0,,
Quevedo_47,3,4,1,2,4,,1,0,,
Quevedo_494,3,4,1,2,4,,1,0,,
Quevedo_507,4,3,1,3,3,,1,0,,
Quevedo_51,2,5,1,1,5,,1,0,,
Quevedo_511,3,4,1,2,4,,1,0,,
Quevedo_516,4,3,1,3,3,,1,0,,
Quevedo_57,2,5,1,1,5,,1,0,,
Quevedo_63,3,4,1,2,4,,1,0,,
Quevedo_90,2,5,1,1,5,,1,0,,
ReyDeArtieda_3,2,5,1,1,5,,1,0,,
TirsoDeMolina_31,2,5,1,1,5,,1,0,,
TirsoDeMolina_47,2,5,1,1,5,,1,0,,
TirsoDeMolina_48,3,4,1,2,4,,1,0,,
TirsoDeMolina_6,2,5,1,1,5,,1,0,,
TrilloYFigueroa_1,3,4,1,2,4,,1,0,,
TrilloYFigueroa_13,3,4,1,2,4,,1,0,,
TrilloYFigueroa_14,2,5,1,1,5,,1,0,,
TrilloYFigueroa_31,3,4,1,2,4,,1,0,,
s003g_0009,3,4,1,2,4,,1,0,,
s026g_0049,3,4,1,2,4,,1,0,,
s050g_0101,2,5,1,1,5,,1,0,,
s080g_0140,3,4,1,2,4,,1,0,,
s082g_0143,3,4,1,2,4,,1,0,,
s109g_0212,3,4,1,2,4,,1,0,,
s113g_0231,2,5,1,1,5,,1,0,,
s115g_0238,3,4,1,2,4,,1,0,,
s137g_0273,2,5,1,1,5,,1,0,,
s149g_0292,2,5,1,1,5,,1,0,,
s151g_0295,2,5,1,1,5,,1,0,,
s162g_0319,3,4,1,2,4,,1,0,,
s244g_0510_02,2,5,1,1,5,,1,0,,
s244g_0510_08,3,4,1,2,4,,1,0,,
s267g_0550,2,5,1,1,5,,1,0,,
s284g_0583,3,4,1,2,4,,1,0,,
s330g_0776,2,5,1,1,5,,1,0,,
s340g_0793,3,4,1,2,4,,1,0,,
s340g_0794,3,4,1,2,4,,1,0,,
s359g_0823,3,4,1,2,4,,1,0,,
s361g_0825,3,4,1,2,4,,1,0,,
s365g_0832,2,5,1,1,5,,1,0,,
s392g_0869,3,4,1,2,4,,1,0,,
s431g_0936,2,5,1,1,5,,1,0,,
s484g_1011,3,4,1,2,4,,1,0,,
AntonioEnriquezGomez_34,4,4,,2,4,,2,0,,
AntonioHurtadoDeMendoza_2,3,5,,1,5,,2,0,,
ArgensolaBartolome_114,4,4,,2,4,,2,0,,
ArgensolaBartolome_12,4,4,,2,4,,2,0,,
ArgensolaLupercio_30,5,3,,3,3,,2,0,,
BaltasarDeAlcazar_18,5,3,,3,3,,2,0,,
BernardinoDeRebolledo_47,3,5,,1,5,,2,0,,
BocangelYUnzueta_1,4,4,,2,4,,2,0,,
BocangelYUnzueta_24,4,4,,2,4,,2,0,,
BocangelYUnzueta_25,4,4,,2,4,,2,0,,
BocangelYUnzueta_39,3,5,,1,5,,2,0,,
BocangelYUnzueta_53,4,4,,2,4,,2,0,,
DiegoHurtadoDeMendoza_17,4,4,,2,4,,2,0,,
DiegoHurtadoDeMendoza_38,4,4,,2,4,,2,0,,
DiegoXimenezAyllon_39,4,4,,2,4,,2,0,,
DiegoXimenezAyllon_46,4,4,,2,4,,2,0,,
FcodeBorjaYAragonPrincipeEsquilache_116,4,4,,2,4,,2,0,,
FcodeBorjaYAragonPrincipeEsquilache_119,5,3,,3,3,,2,0,,
FcodeBorjaYAragonPrincipeEsquilache_130,6,2,,4,2,,2,0,,
FcodeBorjaYAragonPrincipeEsquilache_132,3,5,,1,5,,2,0,,
FcodeBorjaYAragonPrincipeEsquilache_54,3,5,,1,5,,2,0,,
FcodeBorjaYAragonPrincipeEsquilache_7,5,3,,3,3,,2,0,,
FcodeBorjaYAragonPrincipeEsquilache_80,4,4,,2,4,,2,0,,
FernandoDeHerrera_132,3,5,,1,5,,2,0,,
FernandoDeHerrera_145,4,4,,2,4,,2,0,,
FernandoDeHerrera_169,5,3,,3,3,,2,0,,
FernandoDeHerrera_222,3,5,,1,5,,2,0,,
FernandoDeHerrera_231,3,5,,1,5,,2,0,,
FernandoDeHerrera_261,4,4,,2,4,,2,0,,
FernandoDeHerrera_262,4,4,,2,4,,2,0,,
FernandoDeHerrera_263,3,5,,1,5,,2,0,,
FernandoDeHerrera_32,4,4,,2,4,,2,0,,
FernandoDeHerrera_86,5,3,,3,3,,2,0,,
FernandoDeHerrera_97,3,5,,1,5,,2,0,,
FranciscoDeFigueroa_3,4,4,,2,4,,2,0,,
FranciscoDeMedrano_1,3,5,,1,5,,2,0,,
FranciscoDeMedrano_29,3,5,,1,5,,2,0,,
GutierreDeCetina_117,4,4,,2,4,,2,0,,
GutierreDeCetina_209,4,4,,2,4,,2,0,,
GutierreDeCetina_21,3,5,,1,5,,2,0,,
GutierreDeCetina_219,3,5,,1,5,,2,0,,
GutierreDeCetina_243,4,4,,2,4,,2,0,,
GutierreDeCetina_48,5,3,,3,3,,2,0,,
GutierreDeCetina_50,4,4,,2,4,,2,0,,
GutierreDeCetina_67,3,5,,1,5,,2,0,,
GutierreDeCetina_77,5,3,,3,3,,2,0,,
GutierreDeCetina_88,4,4,,2,4,,2,0,,
HernandodeAcunya_23,4,4,,2,4,,2,0,,
HernandodeAcunya_25,4,4,,2,4,,2,0,,
HernandodeAcunya_34,4,4,,2,4,,2,0,,
HernandodeAcunya_7,4,4,,2,4,,2,0,,
HernandodeAcunya_8,4,4,,2,4,,2,0,,
JosephDeLitalaYCastelvi_111,4,4,,2,4,,2,0,,
JosephDeLitalaYCastelvi_116,3,5,,1,5,,2,0,,
JosephDeLitalaYCastelvi_58,4,4,,2,4,,2,0,,
JuanBoscan_11,4,4,,2,4,,2,0,,
JuanBoscan_9,4,4,,2,4,,2,0,,
JuanDeArguijo_1,3,5,,1,5,,2,0,,
JuanDeJauregui_18,3,5,,1,5,,2,0,,
JuanDeSalinas_13,3,5,,1,5,,2,0,,
JuanDeTassisYPeralta_132,3,5,,1,5,,2,0,,
JuanDeTassisYPeralta_143,4,4,,2,4,,2,0,,
JuanDeTassisYPeralta_176,3,5,,1,5,,2,0,,
JuanDeTassisYPeralta_192,4,4,,2,4,,2,0,,
JuanDeTassisYPeralta_31,4,4,,2,4,,2,0,,
JuanDeTassisYPeralta_46,6,2,,4,2,,2,0,,
JuanDeTassisYPeralta_78,6,2,,4,2,,2,0,,
JuanDeTassisYPeralta_93,4,4,,2,4,,2,0,,
JuanaInesDeLaCruz_32,5,3,,3,3,,2,0,,
JuanaInesDeLaCruz_4,3,5,,1,5,,2,0,,
JuanaInesDeLaCruz_54,3,5,,1,5,,2,0,,
LopeDeVega_1047,3,5,,1,5,,2,0,,
LopeDeVega_11,3,5,,1,5,,2,0,,
LopeDeVega_1109,3,5,,1,5,,2,0,,
LopeDeVega_1214,3,5,,1,5,,2,0,,
LopeDeVega_1223,4,4,,2,4,,2,0,,
LopeDeVega_1224,5,3,,3,3,,2,0,,
LopeDeVega_1237,3,5,,1,5,,2,0,,
LopeDeVega_1285,3,5,,1,5,,2,0,,
LopeDeVega_1323,4,4,,2,4,,2,0,,
LopeDeVega_272,4,4,,2,4,,2,0,,
LopeDeVega_30,5,3,,3,3,,2,0,,
LopeDeVega_306,4,4,,2,4,,2,0,,
LopeDeVega_337,3,5,,1,5,,2,0,,
LopeDeVega_37,3,5,,1,5,,2,0,,
LopeDeVega_383,3,5,,1,5,,2,0,,
LopeDeVega_415,4,4,,2,4,,2,0,,
LopeDeVega_427,3,5,,1,5,,2,0,,
LopeDeVega_440,5,3,,3,3,,2,0,,
LopeDeVega_456,3,5,,1,5,,2,0,,
LopeDeVega_459,3,5,,1,5,,2,0,,
LopeDeVega_486,4,4,,2,4,,2,0,,
LopeDeVega_492,4,4,,2,4,,2,0,,
LopeDeVega_59,4,4,,2,4,,2,0,,
LopeDeVega_594,4,4,,2,4,,2,0,,
LopeDeVega_6,4,4,,2,4,,2,0,,
LopeDeVega_726,4,4,,2,4,,2,0,,
LopeDeVega_873,3,5,,1,5,,2,0,,
LopeDeVega_903,3,5,,1,5,,2,0,,
LopeDeVega_961,3,5,,1,5,,2,0,,
LopeDeVega_978,3,5,,1,5,,2,0,,
LopeDeVega_987,4,4,,2,4,,2,0,,
LopeDeZarate_41,3,5,,1,5,,2,0,,
LuisCarrilloySotomayor_1,3,5,,1,5,,2,0,,
LuisCarrilloySotomayor_39,3,5,,1,5,,2,0,,
LuisDeUlloaYPereira_1,4,4,,2,4,,2,0,,
LuisDeUlloaYPereira_13,3,5,,1,5,,2,0,,
LuisDeUlloaYPereira_19,4,4,,2,4,,2,0,,
LuisDeUlloaYPereira_29,3,5,,1,5,,2,0,,
LuisDeUlloaYPereira_31,4,4,,2,4,,2,0,,
LuisDeUlloaYPereira_39,3,5,,1,5,,2,0,,
LuisDeUlloaYPereira_43,6,2,,4,2,,2,0,,
LuisDeUlloaYPereira_98,4,4,,2,4,,2,0,,
MiraDeAmescua_21,5,3,,3,3,,2,0,,
MiraDeAmescua_32,3,5,,1,5,,2,0,,
PantaleonDeRibera_6,4,4,,2,4,,2,0,,
PedroEspinosa_4,4,4,,2,4,,2,0,,
PedroSotoDeRojas_1,5,3,,3,3,,2,0,,
PedroSotoDeRojas_102,3,5,,1,5,,2,0,,
PedroSotoDeRojas_22,4,4,,2,4,,2,0,,
PedroSotoDeRojas_87,5,3,,3,3,,2,0,,
Quevedo_160,4,4,,2,4,,2,0,,
Quevedo_18,7,1,,5,1,,2,0,,
Quevedo_216,3,5,,1,5,,2,0,,
Quevedo_22,4,4,,2,4,,2,0,,
Quevedo_24,4,4,,2,4,,2,0,,
Quevedo_28,3,5,,1,5,,2,0,,
Quevedo_375,3,5,,1,5,,2,0,,
Quevedo_390,3,5,,1,5,,2,0,,
Quevedo_430,4,4,,2,4,,2,0,,
Quevedo_479,3,5,,1,5,,2,0,,
Quevedo_81,4,4,,2,4,,2,0,,
TirsoDeMolina_19,4,4,,2,4,,2,0,,
TrilloYFigueroa_29,4,4,,2,4,,2,0,,
TrilloYFigueroa_34,4,4,,2,4,,2,0,,
s004g_0012_01,4,4,,2,4,,2,0,,
s059g_0118,4,4,,2,4,,2,0,,
s059g_0119,3,5,,1,5,,2,0,,
s074g_0134,3,5,,1,5,,2,0,,
s105g_0205,4,4,,2,4,,2,0,,
s163g_0320,3,5,,1,5,,2,0,,
s163g_0323,3,5,,1,5,,2,0,,
s184g_0391_03,3,5,,1,5,,2,0,,
s186g_0403_05,3,5,,1,5,,2,0,,
s201g_0419,3,5,,1,5,,2,0,,
s244g_0510_06,4,4,,2,4,,2,0,,
s247g_0516,3,5,,1,5,,2,0,,
s280g_0579,4,4,,2,4,,2,0,,
s285g_0584,4,4,,2,4,,2,0,,
s319g_0741,3,5,,1,5,,2,0,,
s332g_0779,3,5,,1,5,,2,0,,
s370g_0838,3,5,,1,5,,2,0,,
s447g_0954,3,5,,1,5,,2,0,,
s239g_0501,2,4,2,2,5,1,0,-1,,
AntonioEnriquezGomez_2,2,4,2,1,5,,1,-1,,
AntonioHurtadoDeMendoza_13,3,3,2,2,4,,1,-1,,
AntonioHurtadoDeMendoza_7,3,3,1,2,4,,1,-1,,
ArgensolaBartolome_137,2,4,2,1,5,,1,-1,,
BernardinoDeRebolledo_10,3,3,2,2,4,,1,-1,,
BocangelYUnzueta_10,3,3,2,2,4,,1,-1,,
Cervantes_72,2,4,2,1,5,,1,-1,,
DiegoXimenezAyllon_5,2,4,2,1,5,,1,-1,,
FcodeBorjaYAragonPrincipeEsquilache_86,2,4,2,1,5,,1,-1,,
FernandoDeHerrera_178,3,3,2,2,4,,1,-1,,
FernandoDeHerrera_2,2,4,2,1,5,,1,-1,,
FernandoDeHerrera_221,2,4,2,1,5,,1,-1,,
FernandoDeHerrera_267,3,3,2,2,4,,1,-1,,
FernandoDeHerrera_284,4,2,2,3,3,,1,-1,,
FernandoDeHerrera_54,4,2,2,3,3,,1,-1,,
FernandoDeHerrera_66,3,3,2,2,4,,1,-1,,
FernandoDeHerrera_88,2,4,2,1,5,,1,-1,,
FernandoDeHerrera_91,5,1,2,4,2,,1,-1,,
FranciscoDeAldana_26,2,4,2,1,5,,1,-1,,
FrayLuisDeLeon_2,2,4,2,1,5,,1,-1,,
GarcilasoDeLaVega_11,2,4,2,1,5,,1,-1,,
GarcilasoDeLaVega_23,2,4,2,1,5,,1,-1,,
Gongora_42,3,3,2,2,4,,1,-1,,
Gongora_86,2,4,2,1,5,,1,-1,,
GregorioDeMatos_9,2,4,2,1,5,,1,-1,,
GutierreDeCetina_15,4,2,2,3,3,,1,-1,,
GutierreDeCetina_190,2,4,2,1,5,,1,-1,,
GutierreDeCetina_54,2,4,2,1,5,,1,-1,,
GutierreDeCetina_8,3,3,2,2,4,,1,-1,,
JosephDeLitalaYCastelvi_33,4,2,2,3,3,,1,-1,,
JuanBoscan_21,4,2,2,3,3,,1,-1,,
JuanDeArguijo_52,2,4,2,1,5,,1,-1,,
JuanDeJauregui_15,3,3,2,2,4,,1,-1,,
JuanDeTassisYPeralta_111,2,4,2,1,5,,1,-1,,
JuanDeTassisYPeralta_40,3,3,2,2,4,,1,-1,,
JuanDeTassisYPeralta_90,3,3,2,2,4,,1,-1,,
JuanaInesDeLaCruz_62,2,4,1,1,5,,1,-1,,
LopeDeVega_1063,2,4,2,1,5,,1,-1,,
LopeDeVega_1102,3,3,2,2,4,,1,-1,,
LopeDeVega_1114,3,3,2,2,4,,1,-1,,
LopeDeVega_1156,2,4,2,1,5,,1,-1,,
LopeDeVega_1178,2,4,1,1,5,,1,-1,,
LopeDeVega_1243,2,4,2,1,5,,1,-1,,
LopeDeVega_1273,2,4,2,1,5,,1,-1,,
LopeDeVega_154,4,2,2,3,3,,1,-1,,
LopeDeVega_175,2,4,2,1,5,,1,-1,,
LopeDeVega_314,2,4,2,1,5,,1,-1,,
LopeDeVega_324,3,3,2,2,4,,1,-1,,
LopeDeVega_35,3,3,2,2,4,,1,-1,,
LopeDeVega_389,2,4,2,1,5,,1,-1,,
LopeDeVega_411,3,3,2,2,4,,1,-1,,
LopeDeVega_676,3,3,2,2,4,,1,-1,,
LopeDeVega_770,4,2,1,3,3,,1,-1,,
LopeDeVega_831,5,1,2,4,2,,1,-1,,
LopeDeVega_895,3,3,2,2,4,,1,-1,,
LopeDeVega_921,3,3,2,2,4,,1,-1,,
LopeDeVega_944,2,4,2,1,5,,1,-1,,
LopeDeVega_989,5,1,2,4,2,,1,-1,,
LopeDeZarate_5,3,3,2,2,4,,1,-1,,
LuisCarrilloySotomayor_33,3,3,2,2,4,,1,-1,,
LuisDeUlloaYPereira_68,3,3,2,2,4,,1,-1,,
LuisDeUlloaYPereira_8,2,4,2,1,5,,1,-1,,
PedroSotoDeRojas_33,3,3,2,2,4,,1,-1,,
PedroSotoDeRojas_65,2,4,2,1,5,,1,-1,,
PedroSotoDeRojas_92,3,3,2,2,4,,1,-1,,
PedroSotoDeRojas_98,2,4,2,1,5,,1,-1,,
Quevedo_139,3,3,2,2,4,,1,-1,,
Quevedo_220,3,3,1,2,4,,1,-1,,
TirsoDeMolina_21,3,3,2,2,4,,1,-1,,
TirsoDeMolina_54,2,4,2,1,5,,1,-1,,
s125g_0251,2,4,2,1,5,,1,-1,,
s173g_0338,2,4,1,1,5,,1,-1,,
s230g_0486,2,4,2,1,5,,1,-1,,
s234g_0491,2,4,2,1,5,,1,-1,,
s366g_0834,3,3,2,2,4,,1,-1,,
s384g_0853,2,4,2,1,5,,1,-1,,
s446g_0953,3,3,2,2,4,,1,-1,,
s449g_0961,2,4,2,1,5,,1,-1,,
AntonioEnriquezGomez_9,3,4,1,1,5,,2,-1,,
ArgensolaBartolome_101,5,2,1,3,3,,2,-1,,
ArgensolaBartolome_107,3,4,1,1,5,,2,-1,,
BernardinoDeRebolledo_3,4,3,1,2,4,,2,-1,,
BernardinoDeRebolledo_53,3,4,1,1,5,,2,-1,,
BocangelYUnzueta_37,3,4,1,1,5,,2,-1,,
BocangelYUnzueta_45,3,4,1,1,5,,2,-1,,
BocangelYUnzueta_65,3,4,1,1,5,,2,-1,,
DiegoHurtadoDeMendoza_40,5,2,1,3,3,,2,-1,,
FcodeBorjaYAragonPrincipeEsquilache_122,3,4,1,1,5,,2,-1,,
FcodeBorjaYAragonPrincipeEsquilache_74,4,3,1,2,4,,2,-1,,
FcodeBorjaYAragonPrincipeEsquilache_81,4,3,1,2,4,,2,-1,,
FernandoDeHerrera_100,3,4,1,1,5,,2,-1,,
FernandoDeHerrera_160,4,3,1,2,4,,2,-1,,
FernandoDeHerrera_214,3,4,1,1,5,,2,-1,,
FernandoDeHerrera_277,3,4,1,1,5,,2,-1,,
FernandoDeHerrera_53,5,2,1,3,3,,2,-1,,
FranciscoDeAldana_39,4,3,1,2,4,,2,-1,,
FranciscoDeLaTorre_20,3,4,1,1,5,,2,-1,,
FranciscoDeLaTorre_38,3,4,1,1,5,,2,-1,,
FranciscoDeLaTorre_6,3,4,1,1,5,,2,-1,,
FranciscoDeMedrano_7,3,4,1,1,5,,2,-1,,
FrayLuisDeLeon_8,5,2,1,3,3,,2,-1,,
GarcilasoDeLaVega_27,3,4,1,1,5,,2,-1,,
Gongora_37,4,3,1,2,4,,2,-1,,
GutierreDeCetina_108,4,3,1,2,4,,2,-1,,
GutierreDeCetina_14,3,4,1,1,5,,2,-1,,
GutierreDeCetina_38,4,3,1,2,4,,2,-1,,
HernandodeAcunya_31,3,4,1,1,5,,2,-1,,
JosephDeLitalaYCastelvi_104,3,4,1,1,5,,2,-1,,
JosephDeLitalaYCastelvi_105,3,4,1,1,5,,2,-1,,
JuanBoscan_68,4,3,1,2,4,,2,-1,,
JuanDeAlmeida_31,4,3,1,2,4,,2,-1,,
JuanDeArguijo_10,3,4,1,1,5,,2,-1,,
JuanDeArguijo_67,3,4,1,1,5,,2,-1,,
JuanDeSalinas_12,3,4,1,1,5,,2,-1,,
JuanDeTassisYPeralta_123,5,2,1,3,3,,2,-1,,
JuanDeTassisYPeralta_141,3,4,1,1,5,,2,-1,,
JuanDeTassisYPeralta_153,4,3,1,2,4,,2,-1,,
JuanDeTassisYPeralta_17,3,4,1,1,5,,2,-1,,
JuanDeTassisYPeralta_83,3,4,1,1,5,,2,-1,,
JuanDeTimoneda_10,3,4,1,1,5,,2,-1,,
JuanaInesDeLaCruz_20,3,4,1,1,5,,2,-1,,
JuanaInesDeLaCruz_7,5,2,1,3,3,,2,-1,,
LopeDeVega_107,3,4,1,1,5,,2,-1,,
LopeDeVega_1092,4,3,1,2,4,,2,-1,,
LopeDeVega_1183,3,4,1,1,5,,2,-1,,
LopeDeVega_1222,4,3,1,2,4,,2,-1,,
LopeDeVega_1254,6,1,1,4,2,,2,-1,,
LopeDeVega_161,3,4,1,1,5,,2,-1,,
LopeDeVega_3,3,4,1,1,5,,2,-1,,
LopeDeVega_519,3,4,1,1,5,,2,-1,,
LopeDeVega_568,3,4,1,1,5,,2,-1,,
LopeDeVega_645,3,4,1,1,5,,2,-1,,
LopeDeVega_754,5,2,1,3,3,,2,-1,,
LopeDeVega_761,4,3,1,2,4,,2,-1,,
LopeDeVega_919,3,4,1,1,5,,2,-1,,
LopeDeVega_946,3,4,1,1,5,,2,-1,,
LopeDeVega_985,4,3,1,2,4,,2,-1,,
LopeDeZarate_11,5,2,1,3,3,,2,-1,,
LopeDeZarate_31,4,3,1,2,4,,2,-1,,
LuisCarrilloySotomayor_25,4,3,1,2,4,,2,-1,,
LuisDeUlloaYPereira_100,3,4,1,1,5,,2,-1,,
LuisDeUlloaYPereira_37,3,4,1,1,5,,2,-1,,
LuisDeUlloaYPereira_90,4,3,1,2,4,,2,-1,,
MiraDeAmescua_7,4,3,,2,4,,2,-1,,
PedroSotoDeRojas_105,3,4,1,1,5,,2,-1,,
PedroSotoDeRojas_118,4,3,1,2,4,,2,-1,,
PoloDeMedina_15,3,4,1,1,5,,2,-1,,
Quevedo_142,3,4,1,1,5,,2,-1,,
Quevedo_156,4,3,1,2,4,,2,-1,,
Quevedo_304,5,2,1,3,3,,2,-1,,
Quevedo_33,4,3,1,2,4,,2,-1,,
Quevedo_508,5,2,1,3,3,,2,-1,,
Quevedo_78,4,3,1,2,4,,2,-1,,
Quevedo_97,3,4,1,1,5,,2,-1,,
TrilloYFigueroa_26,3,4,1,1,5,,2,-1,,
TrilloYFigueroa_38,5,2,1,3,3,,2,-1,,
s021g_0041,3,4,1,1,5,,2,-1,,
s059g_0117,5,2,1,3,3,,2,-1,,
s064g_0124,4,3,1,2,4,,2,-1,,
s070g_0130,3,4,1,1,5,,2,-1,,
s104g_0200,3,4,1,1,5,,2,-1,,
s158g_0303,3,4,1,1,5,,2,-1,,
s214g_0454,3,4,1,1,5,,2,-1,,
s345g_0800,3,4,1,1,5,,2,-1,,
s365g_0831,4,3,1,2,4,,2,-1,,
AgustinDeSalazarYTorres_7,5,3,,2,4,,3,-1,,
ArgensolaLupercio_11,5,3,,2,4,,3,-1,,
ArgensolaLupercio_36,6,2,,3,3,,3,-1,,
BernardinoDeRebolledo_28,4,4,,1,5,,3,-1,,
BocangelYUnzueta_11,4,4,,1,5,,3,-1,,
BocangelYUnzueta_55,6,2,,3,3,,3,-1,,
Cervantes_2,5,3,,2,4,,3,-1,,
Cervantes_54,5,3,,2,4,,3,-1,,
Cervantes_73,4,4,,1,5,,3,-1,,
DiegoHurtadoDeMendoza_2,4,4,,1,5,,3,-1,,
DiegoXimenezAyllon_18,4,4,,1,5,,3,-1,,
FcodeBorjaYAragonPrincipeEsquilache_19,4,4,,1,5,,3,-1,,
FcodeBorjaYAragonPrincipeEsquilache_24,4,4,,1,5,,3,-1,,
FcodeBorjaYAragonPrincipeEsquilache_83,5,3,,2,4,,3,-1,,
FernandoDeHerrera_101,4,4,,1,5,,3,-1,,
FernandoDeHerrera_117,5,3,,2,4,,3,-1,,
FernandoDeHerrera_118,5,3,,2,4,,3,-1,,
FernandoDeHerrera_172,5,3,,2,4,,3,-1,,
FernandoDeHerrera_9,5,3,,2,4,,3,-1,,
FernandoDeHerrera_98,6,2,,3,3,,3,-1,,
FranciscoDeLaTorre_2,4,4,,1,5,,3,-1,,
FranciscoDeLaTorre_21,4,4,,1,5,,3,-1,,
GarcilasoDeLaVega_14,4,4,,1,5,,3,-1,,
GarcilasoDeLaVega_17,6,2,,3,3,,3,-1,,
GutierreDeCetina_177,5,3,,2,4,,3,-1,,
GutierreDeCetina_183,4,4,,1,5,,3,-1,,
GutierreDeCetina_185,4,4,,1,5,,3,-1,,
GutierreDeCetina_63,4,4,,1,5,,3,-1,,
GutierreDeCetina_71,5,3,,2,4,,3,-1,,
GutierreDeCetina_95,6,2,,3,3,,3,-1,,
HernandodeAcunya_76,5,3,,2,4,,3,-1,,
JosephDeLitalaYCastelvi_124,5,3,,2,4,,3,-1,,
JuanBoscan_15,4,4,,1,5,,3,-1,,
JuanBoscan_26,4,4,,1,5,,3,-1,,
JuanBoscan_5,5,3,,2,4,,3,-1,,
JuanBoscan_57,5,3,,2,4,,3,-1,,
JuanBoscan_8,6,2,,3,3,,3,-1,,
JuanDeAlmeida_40,5,3,,2,4,,3,-1,,
LopeDeVega_1032,4,4,,1,5,,3,-1,,
LopeDeVega_1038,7,1,,4,2,,3,-1,,
LopeDeVega_1231,5,3,,2,4,,3,-1,,
LopeDeVega_128,4,4,,1,5,,3,-1,,
LopeDeVega_146,5,3,,2,4,,3,-1,,
LopeDeVega_182,5,3,,2,4,,3,-1,,
LopeDeVega_185,4,4,,1,5,,3,-1,,
LopeDeVega_187,4,4,,1,5,,3,-1,,
LopeDeVega_191,4,4,,1,5,,3,-1,,
LopeDeVega_216,4,4,,1,5,,3,-1,,
LopeDeVega_430,5,3,,2,4,,3,-1,,
LopeDeVega_438,4,4,,1,5,,3,-1,,
LopeDeVega_526,4,4,,1,5,,3,-1,,
LopeDeVega_587,4,4,,1,5,,3,-1,,
LopeDeVega_70,4,4,,1,5,,3,-1,,
LopeDeVega_720,4,4,,1,5,,3,-1,,
LopeDeVega_735,5,3,,2,4,,3,-1,,
LopeDeVega_769,4,4,,1,5,,3,-1,,
LopeDeVega_788,4,4,,1,5,,3,-1,,
LopeDeVega_813,4,4,,1,5,,3,-1,,
LopeDeVega_840,4,4,,1,5,,3,-1,,
LopeDeVega_943,4,4,,1,5,,3,-1,,
LopeDeZarate_18,5,3,,2,4,,3,-1,,
LopeDeZarate_50,5,3,,2,4,,3,-1,,
LuisDeUlloaYPereira_5,4,4,,1,5,,3,-1,,
LuisDeUlloaYPereira_70,4,4,,1,5,,3,-1,,
LuisDeUlloaYPereira_94,4,4,,1,5,,3,-1,,
PantaleonDeRibera_11,4,4,,1,5,,3,-1,,
PedroEspinosa_9,4,4,,1,5,,3,-1,,
PedroSotoDeRojas_16,5,3,,2,4,,3,-1,,
PedroSotoDeRojas_20,5,3,,2,4,,3,-1,,
PedroSotoDeRojas_21,5,3,,2,4,,3,-1,,
PedroSotoDeRojas_57,6,2,,3,3,,3,-1,,
PoloDeMedina_16,4,4,,1,5,,3,-1,,
Quevedo_192,6,2,,3,3,,3,-1,,
Quevedo_30,4,4,,1,5,,3,-1,,
Quevedo_331,4,4,,1,5,,3,-1,,
Quevedo_37,4,4,,1,5,,3,-1,,
Quevedo_382,4,4,,1,5,,3,-1,,
Quevedo_468,6,2,,3,3,,3,-1,,
s048g_0096,4,4,,1,5,,3,-1,,
s252g_0528,5,3,,2,4,,3,-1,,
s253g_0530,5,3,,2,4,,3,-1,,
s359g_0819,4,4,,1,5,,3,-1,,
s390g_0866,4,4,,1,5,,3,-1,,
s417g_0912,4,4,,1,5,,3,-1,,
s433g_0938,4,4,,1,5,,3,-1,,
s457g_0972,4,4,,1,5,,3,-1,,
LopeDeVega_524,3,5,,3,7,1,0,-2,,
s394g_0877,3,3,2,3,5,1,0,-2,,
ArgensolaBartolome_112,3,3,2,1,5,,2,-2,,
ArgensolaLupercio_4,3,3,2,1,5,,2,-2,,
ArgensolaLupercio_6,3,3,2,1,5,,2,-2,,
BocangelYUnzueta_22,3,3,2,1,5,,2,-2,,
CancerYVelasco_5,4,2,2,2,4,,2,-2,,
DiegoHurtadoDeMendoza_15,4,2,2,2,4,,2,-2,,
DiegoXimenezAyllon_36,3,3,2,1,5,,2,-2,,
FernandoDeHerrera_298,5,1,2,3,3,,2,-2,,
FranciscoDeLaTorre_42,4,2,2,2,4,,2,-2,,
FranciscoDeMedrano_31,3,3,2,1,5,,2,-2,,
Gongora_43,3,3,2,1,5,,2,-2,,
GutierreDeCetina_18,3,3,2,1,5,,2,-2,,
JosephDeLitalaYCastelvi_152,4,2,2,2,4,,2,-2,,
JosephDeLitalaYCastelvi_26,4,2,2,2,4,,2,-2,,
JosephDeLitalaYCastelvi_4,4,2,2,2,4,,2,-2,,
JuanBoscan_53,3,3,2,1,5,,2,-2,,
JuanBoscan_64,3,3,2,1,5,,2,-2,,
JuanDeArguijo_15,5,1,2,3,3,,2,-2,,
JuanDeTassisYPeralta_106,3,3,2,1,5,,2,-2,,
JuanDeTassisYPeralta_165,3,3,2,1,5,,2,-2,,
JuanDeTassisYPeralta_85,4,2,2,2,4,,2,-2,,
LopeDeVega_1164,3,3,2,1,5,,2,-2,,
LopeDeVega_152,4,2,2,2,4,,2,-2,,
LopeDeVega_217,4,2,2,2,4,,2,-2,,
LopeDeVega_501,5,1,2,3,3,,2,-2,,
LopeDeVega_577,5,1,2,3,3,,2,-2,,
LopeDeVega_753,3,3,2,1,5,,2,-2,,
LopeDeVega_84,3,3,2,1,5,,2,-2,,
LopeDeVega_92,3,3,1,1,5,,2,-2,,
LuisCarrilloySotomayor_46,3,3,2,1,5,,2,-2,,
PedroDePadilla_33,3,3,2,1,5,,2,-2,,
PedroEspinosa_10,3,3,2,1,5,,2,-2,,
PedroSotoDeRojas_31,5,1,2,3,3,,2,-2,,
PedroSotoDeRojas_50,3,3,2,1,5,,2,-2,,
PoloDeMedina_4,3,3,2,1,5,,2,-2,,
Quevedo_311,4,2,2,2,4,,2,-2,,
Quevedo_316,4,2,2,2,4,,2,-2,,
Quevedo_32,3,3,2,1,5,,2,-2,,
Quevedo_46,3,3,2,1,5,,2,-2,,
TirsoDeMolina_22,3,3,1,1,5,,2,-2,,
s047g_0094,4,2,2,2,4,,2,-2,,
s084g_0147,3,3,2,1,5,,2,-2,,
s203g_0423,3,3,2,1,5,,2,-2,,
s406g_0898,4,2,2,2,4,,2,-2,,
s460g_0976,4,2,2,2,4,,2,-2,,
ArgensolaBartolome_138,4,3,1,1,5,,3,-2,,
BernardinoDeRebolledo_40,4,3,1,1,5,,3,-2,,
BocangelYUnzueta_23,4,3,1,1,5,,3,-2,,
BocangelYUnzueta_56,4,3,1,1,5,,3,-2,,
Cervantes_8,5,2,1,2,4,,3,-2,,
DiegoRamirezPagan_11,4,3,1,1,5,,3,-2,,
DiegoXimenezAyllon_51,4,3,1,1,5,,3,-2,,
FernandoDeHerrera_124,5,2,1,2,4,,3,-2,,
FernandoDeHerrera_230,5,2,1,2,4,,3,-2,,
FernandoDeHerrera_243,6,1,1,3,3,,3,-2,,
FernandoDeHerrera_257,5,2,1,2,4,,3,-2,,
FernandoDeHerrera_264,4,3,1,1,5,,3,-2,,
GutierreDeCetina_1,4,3,1,1,5,,3,-2,,
GutierreDeCetina_12,4,3,1,1,5,,3,-2,,
GutierreDeCetina_123,4,3,1,1,5,,3,-2,,
GutierreDeCetina_127,4,3,1,1,5,,3,-2,,
GutierreDeCetina_139,4,3,1,1,5,,3,-2,,
GutierreDeCetina_178,4,3,1,1,5,,3,-2,,
GutierreDeCetina_83,6,1,1,3,3,,3,-2,,
GutierreDeCetina_97,4,3,1,1,5,,3,-2,,
JosephDeLitalaYCastelvi_37,4,3,1,1,5,,3,-2,,
JosephDeLitalaYCastelvi_5,4,3,1,1,5,,3,-2,,
JuanBoscan_37,5,2,1,2,4,,3,-2,,
JuanBoscan_43,4,3,1,1,5,,3,-2,,
JuanDeArguijo_20,6,1,1,3,3,,3,-2,,
JuanDeTassisYPeralta_124,4,3,1,1,5,,3,-2,,
JuanDeTassisYPeralta_66,4,3,1,1,5,,3,-2,,
JuanDeTassisYPeralta_86,6,1,1,3,3,,3,-2,,
JuanDeTimoneda_29,5,2,1,2,4,,3,-2,,
JuanaInesDeLaCruz_36,4,3,1,1,5,,3,-2,,
LopeDeVega_1272,4,3,1,1,5,,3,-2,,
LopeDeVega_611,4,3,1,1,5,,3,-2,,
LopeDeVega_680,4,3,1,1,5,,3,-2,,
LopeDeVega_77,4,3,1,1,5,,3,-2,,
LopeDeVega_868,5,2,1,2,4,,3,-2,,
LopeDeZarate_56,5,2,1,2,4,,3,-2,,
LuisCarrilloySotomayor_27,4,3,1,1,5,,3,-2,,
LuisDeUlloaYPereira_24,4,3,1,1,5,,3,-2,,
LuisDeUlloaYPereira_26,4,3,1,1,5,,3,-2,,
MiraDeAmescua_9,5,2,1,2,4,,3,-2,,
PedroSotoDeRojas_15,5,2,1,2,4,,3,-2,,
Quevedo_11,4,3,1,1,5,,3,-2,,
Quevedo_149,4,3,1,1,5,,3,-2,,
Quevedo_384,5,2,1,2,4,,3,-2,,
Quevedo_398,4,3,1,1,5,,3,-2,,
Quevedo_487,4,3,1,1,5,,3,-2,,
s016g_0028,5,2,1,2,4,,3,-2,,
s026g_0048,5,2,1,2,4,,3,-2,,
s040g_0065,4,3,1,1,5,,3,-2,,
s105g_0204,4,3,,1,5,,3,-2,,
s135g_0271,5,2,1,2,4,3,3,-2,,
s207g_0447,5,2,,2,4,,3,-2,,
s303g_0629,5,2,1,2,4,,3,-2,,
s303g_0630,5,2,1,2,4,,3,-2,,
s407g_0900,4,3,1,1,5,,3,-2,,
s453g_0966,4,3,1,1,5,,3,-2,,
s486g_1013_02,4,3,1,1,5,,3,-2,,
BernardinoDeRebolledo_50,6,2,,2,4,,4,-2,,
DiegoHurtadoDeMendoza_37,5,3,,1,5,,4,-2,,
DiegoXimenezAyllon_49,5,3,,1,5,,4,-2,,
FcodeBorjaYAragonPrincipeEsquilache_70,6,2,,2,4,,4,-2,,
FernandoDeHerrera_105,6,2,,2,4,,4,-2,,
FernandoDeHerrera_128,5,3,,1,5,,4,-2,,
FranciscoDeLaTorre_35,6,2,,2,4,,4,-2,,
GarcilasoDeLaVega_19,5,3,,1,5,,4,-2,,
Gongora_52,5,3,,1,5,,4,-2,,
GutierreDeCetina_202,6,2,,2,4,,4,-2,,
JuanDeArguijo_2,6,2,,2,4,,4,-2,,
JuanDeTassisYPeralta_114,6,2,,2,4,,4,-2,,
JuanDeTassisYPeralta_88,6,2,,2,4,,4,-2,,
JuanDeTimoneda_30,6,2,,2,4,,4,-2,,
JuanaInesDeLaCruz_18,6,2,,2,4,,4,-2,,
LopeDeVega_1219,5,3,,1,5,,4,-2,,
LopeDeVega_26,5,3,,1,5,,4,-2,,
LopeDeVega_474,5,3,,1,5,,4,-2,,
LuisDeUlloaYPereira_46,6,2,,2,4,,4,-2,,
PedroDePadilla_40,5,3,,1,5,,4,-2,,
s359g_0821,5,3,,1,5,,4,-2,,
s416g_0911,5,3,,1,5,,4,-2,,
JuanDeSalinas_11,4,2,2,5,5,,-1,-3,,
CristobalDeVirues_8,3,4,1,2,7,,1,-3,,
JuanDeAlmeida_39,3,3,2,1,6,2,2,-3,,
CancerYVelasco_10,5,1,2,2,4,,3,-3,,
FernandoDeHerrera_60,4,2,2,1,5,,3,-3,,
JuanDeTassisYPeralta_13,4,2,2,1,5,,3,-3,,
LopeDeVega_1316,5,1,2,2,4,,3,-3,,
LopeDeVega_1341,4,2,2,1,5,,3,-3,,
LopeDeVega_431,4,2,2,1,5,,3,-3,,
LopeDeVega_785,4,2,2,1,5,,3,-3,,
LopeDeVega_819,4,2,1,1,5,,3,-3,,
LopeDeVega_898,5,1,1,2,4,,3,-3,,
LopeDeZarate_38,4,2,2,1,5,,3,-3,,
LopeDeZarate_6,4,2,2,1,5,,3,-3,,
PedroSotoDeRojas_29,5,1,2,2,4,,3,-3,,
Quevedo_141,4,2,2,1,5,,3,-3,,
Quevedo_173,4,2,2,1,5,,3,-3,,
Quevedo_306,5,1,2,2,4,,3,-3,,
Quevedo_313,5,1,2,2,4,,3,-3,,
TirsoDeMolina_50,4,2,2,1,5,,3,-3,,
s040g_0066,4,2,2,1,5,,3,-3,,
s378g_0848,4,2,2,1,5,,3,-3,,
BaltasarDeAlcazar_11,5,2,1,1,5,,4,-3,,
CancerYVelasco_2,5,2,1,1,5,,4,-3,,
FcodeBorjaYAragonPrincipeEsquilache_105,5,2,1,1,5,,4,-3,,
FernandoDeHerrera_307,5,2,1,1,5,,4,-3,,
Gongora_3,5,2,1,1,5,,4,-3,,
JuanDeArguijo_23,5,2,1,1,5,,4,-3,,
JuanDeArguijo_60,5,2,1,1,5,,4,-3,,
JuanDeTassisYPeralta_109,5,2,1,1,5,,4,-3,,
JuanDeTassisYPeralta_172,6,1,1,2,4,,4,-3,,
JuanDeTassisYPeralta_79,5,2,1,1,5,,4,-3,,
LopeDeVega_530,5,2,1,1,5,,4,-3,,
LuisCarrilloySotomayor_21,5,2,1,1,5,,4,-3,,
LuisDeUlloaYPereira_12,5,2,1,1,5,,4,-3,,
Quevedo_323,5,2,1,1,5,,4,-3,,
Quevedo_501,5,2,1,1,5,,4,-3,,
FernandoDeHerrera_173,6,2,,1,5,,5,-3,,
LopeDeVega_955,6,2,,1,5,,5,-3,,
Quevedo_122,6,2,,1,5,,5,-3,,
JuanDeSalinas_17,3,5,,3,9,,0,-4,,
FcodeBorjaYAragonPrincipeEsquilache_90,5,1,2,1,5,,4,-4,,
PedroDePadilla_9,5,1,2,1,5,,4,-4,,
PedroSotoDeRojas_110,5,1,2,1,5,,4,-4,,
FernandoDeHerrera_96,6,1,1,1,5,,5,-4,,
LopeDeVega_1104,6,1,1,1,5,,5,-4,,
LopeDeVega_683,6,1,1,1,5,,5,-4,,
FernandoDeHerrera_74,7,1,,1,5,,6,-4,,
JuanBoscan_62,3,3,2,1,8,,2,-5,,
s012g_0021,7,1,,3,6,,4,-5,,
s362g_0827,3,4,,6,16,1,-3,-12,,
s395g_0880,3,4,1,1,16,3,2,-12,,
s362g_0826,1,5,2,7,18,7,-6,-13,,
