	ID	SonnetID	Incipit	AuthorID	Author	Gender	Date	LineNumber	StanzaNumber	Text	Call	Echo	Set	Unnamed: 13	CallLemma	EchoLemma	SetLemma
40330	d10097e139	HernandodeAcunya_59	Un tiempo me sostuvo la esperanza,	HernandodeAcunya	Hernandode Acunya	M	ND	6.0	2.0	Un tiempo me sostuvo la esperanza,~~~y Amor lo consintió porque sintiese,~~~cuando al estado en que estoy viniese,~~~que fue para mayor desconfianza.###En gran fortuna me mostró bonanza ~~~y aseguróme porque conociese,~~~cuando nuevo dolor menos temiese,~~~que en su seguridad hay más mudanza.### Pasé con este alivio mi cuidado,~~~hasta que he conocido de hora en hora ~~~que todo fue color para más daño;### y con haberme ya desengañado,~~~conozco que hay en mí de nuevo ahora ~~~más aparejo para nuevo engaño.	conociese	temiese	sintiese, viniese, temiese	cssdo	conocer	temer	sentir, ver, temer
43518	d5068e181	JuanaInesDeLaCruz_53	Docto Mansilla, no para aplaudirte	JuanaInesDeLaCruz	Juana Ines de La Cruz	F	ND	12.0	4.0	Docto Mansilla, no para aplaudirte ~~~ponderaciones buscaré del arte ~~~retórica, que fuera limitarte ~~~querer entre sus cláusulas ceñirte.###Sólo en mi intento, cuando llego a oírte,~~~alabarte con sólo no alabarte;~~~pues quien mejor llegare a ponderarte ~~~será el que no intentare definirte.###Aún en tu mismo juicio tú no cabes;~~~ni de tu ingenio las riquezas raras ~~~pudiera, del discurso con los graves ###reflejos, conocer si lo intentaras:~~~porque si tú supieras lo que sabes,~~~mucho de lo que sabes ignoraras.	intentaras	ignoraras	raras, ignoraras	cssdo	intentar	ignorar	raro, ignorar
10045	d409e326	s313g_0657	Baña llorando el ofendido lecho	disco_313g	Juan de Arguijo	M	17	4.0	2.0	Baña llorando el ofendido lecho ~~~de Colatino la consorte amada,~~~y en la tirana fuerza disculpada,~~~si no la voluntad, castiga el hecho ###Rompe con hierro agudo el casto pecho,~~~y abre camino al alma, que indignada ~~~baja a la oscura sombra, do vengada ~~~aun duda si su ofensa ha satisfecho ###Venció el paterno llanto endurecida,~~~y de su esposo el ruego, que no basta,~~~menospreció, con un mortal desvío ###«Ceda al debido honor la dulce vida,~~~que no es bien, dijo, que otra menos casta ~~~ose vivir con el ejemplo mío »	satisfecho	 	lecho, hecho, pecho	disco	satisfacer	 	lecho, hecho, pecho
65124	d3693e112	LopeDeVega_730	Si yo tuviere gusto, airados cielos,	LopeDeVega	Lope de Vega	M	ND	2.0	1.0	Si yo tuviere gusto, airados cielos,~~~descanso, paz, contento y alegría ~~~en tanto que vistiere el alma mía ~~~estos cansados y mortales velos.###Que tenga más congojas y desvelos,~~~que arenas de oro este arroyuelo cría,~~~y que mi desengaño y mi porfía ~~~sigan mi amor, donde me abrasen celos.###Tristeza quiero ya, no quiero engaños,~~~ni en las tormentas presumir bonanzas ~~~si el cuidado mayor vencen los años.###Tiempo, apelo de amor a tus mudanzas,~~~que más quiero morir con desengaños,~~~que no vivir con falsas esperanzas.	alegría	mía	mía, cría, porfía	cssdo	alegría	mía	mía, cría, porfía
84375	d5660e151	TirsoDeMolina_30	¡Oh, tú, descaminado que entre engaños	TirsoDeMolina	Tirso de Molina	M	ND	8	2.0	¡Oh, tú, descaminado que entre engaños ~~~admiras los trofeos que te enseño!~~~No juzgues que los cuelga el desempeño ~~~de amor correspondido en verdes años.###Mi ingratitud, a costa de los daños ~~~de quien me sembró palma, y creyó sueño,~~~negó el tributo a su primer dueño,~~~que necia doy agora a los extraños.### Ingratos son también estos despojos,~~~por serlo la ocasión de suspenderlos,~~~que imita en pagar frutos a la palma;###mas ¡ay! que buen fin diera a sus enojos,~~~si como el cuerpo se desnuda de ellos ~~~se desnudara de su amor el alma.	extraños	 	engaños, años, daños	cssdo	extraño	 	engaño, año, daño
9080	d1039e309	s288g_0598	¿No eras tú la que quiso a la mañana	disco_288g	Jacinto Polo de Medina	M	17	3.0	2.0	¿No eras tú la que quiso a la mañana ~~~imitarle las perlas engreída,~~~y en flor de jaspe tiene prevenida ~~~por nieve mármol, pórfido por grana?###Pues ese viento de tu pompa ufana,~~~ese enjugó tu cristalina vida ~~~Que quien se puso tan envanecida ~~~fue providencia que quedase vana ###Que olorosa merced te debe el prado ~~~engañando de fuentes tantas flores ~~~que alistaron su vida a tu cuidado ###Mentiste la esperanza a sus verdores ~~~¡Oh aviso superior de lo criado!~~~¡Oh propiamente imagen de señores!	envanecida	 	engreída, prevenida, vida	disco	envanecido	 	engreído, prevenido, vida
61751	d653e139	LopeDeVega_510	Aquí yace la fénix de hermosura,	LopeDeVega	Lope de Vega	M	ND	6.0	2.0	Aquí yace la fénix de hermosura,~~~única a los humanos desengaños,~~~de propios luz, admiración de extraños,~~~noble en la sangre, en las costumbres pura.###Fuese a ser sol de nuestra noche oscura,~~~traspuesta al cielo en sus mejores años,~~~para desengañar nuestros engaños,~~~que sola la virtud florece y dura.###Aquí de vuestros lazos desasida ~~~la flor en polvo, en sombra el sol convierte,~~~y con memoria, que jamás se olvida.###Volando a mejor patria nos advierte,~~~que siendo espejo de belleza en vida,~~~lo fue de desengaños en la muerte.	años	engaños	desengaños, extraños, engaños	cssdo	año	engaño	desengaño, extraño, engaño
61237	d8146e160	LopeDeVega_478	Celebran viejo y nuevo Testamento	LopeDeVega	Lope de Vega	M	ND	9.0	3.0	Celebran viejo y nuevo Testamento ~~~dos capas, de José fue la primera,~~~que la dejó para correr ligera ~~~su castidad a un loco pensamiento.###Las del segundo con piadoso intento ~~~fue de Martín, que con no dala entera ~~~dio envidia a la que cubre la alta esfera,~~~y tiene al mismo sol por ornamento.###¿Cuál será de estas dos la más preciosa?~~~pero la de Martín será más bella,~~~aunque es la de José casta y hermosa.###Porque si cubre al mismo Dios con ella,~~~ya es capa de los cielos milagrosa,~~~y la mayor, pues que se encierra en ella.	preciosa	hermosa	hermosa, milagrosa	cssdo	precioso	hermoso	hermoso, milagroso
25340	d3543e118	FcodeBorjaYAragonPrincipeEsquilache_16	Lauso no con estoica fantasía,	FcodeBorjaYAragonPrincipeEsquilache	Fcode Borja	M	ND	3.0	1.0	Lauso no con estoica fantasía,~~~el frágil hipo popular desdeño;~~~ni a la humana ambición miró con ceño ~~~falso con la común hipocresía.###Que a sí naturaleza sabia, cría ~~~nutre, y prosigue su mortal empeño;~~~conozco bien, que esta vigilia es sueño,~~~y el amor de Raquel, se cobra en Lía.###Por lo cual el vigor de los engaños,~~~con que alimentan otros sus intentos,~~~es luz que me descubre desengaños;###y aparta de los vanos pensamientos,~~~que compran con afanes de los años,~~~premios, que aun no los gozan los momentos.	ceño	empeño	desdeño, empeño, sueño	cssdo	ceño	empeño	desdeño, empeño, sueño
67308	d1429e133	LopeDeVega_873	Discreta fuera yo, sino quisiera	LopeDeVega	Lope de Vega	M	ND	5	2.0	Discreta fuera yo, sino quisiera ~~~a donde tengo el fin indiferente,~~~mas como fue mi amor por accidente ~~~no puedo no querer lo que amor quiera.###Quiero, y querré, pues quien amando espera ~~~ya de su posesión principios siente,~~~pues quien los goza, no es razón que intente ~~~del bien que comenzó salirse afuera.###Dificultades el amor me ofrece,~~~pero también me ofrece las victorias,~~~con que a sombras del bien, el mal padece.###Esto puede el pacer de sus memorias,~~~que quien ama ocasión que lo merece,~~~hasta las penas le parecen glorias.	espera	afuera	quisiera, quiera, afuera	cssdo	esperar	afuera	querer, querer, afuera
8128	d411e339	s247g_0522	El alabastro blanco bien labrado	disco_247g	Gregorio Silvestre	M	16	2.0	3.0	El alabastro blanco bien labrado ~~~detrás de un velo negro transparente,~~~la nieve que aún pisar no se consiente ~~~y entre polvo de grama se ha mezclado,###y el sol cuando aparece en el collado ~~~quitando su luz toda a otra gente,~~~delante vuestro ser, si estáis presente,~~~todo claro valor será humillado.###Por humillarse a vos la gracia pura ~~~de aquesto y lo demás de acá criado,~~~no pierde la beldad de su natura,###antes por se humillar será ensalzado ~~~que crezca rojo y blanco en hermosura ~~~y el sol, que de más luz que nunca ha dado	criado	ensalzado	labrado, mezclado, collado, humillado, ensalzado, dado	disco	criado	ensalzar	labrado, mezclar, collado, humillar, ensalzar, dar
20216	d3295e166	BernardinoDeRebolledo_8	El Héroe invicto que el vital aliento	BernardinoDeRebolledo	Bernardino de Rebolledo	M	ND	10.0	3.0	El Héroe invicto que el vital aliento ~~~victorioso rindió a la suerte dura,~~~en muerte que inmortal vida asegura ~~~la gloria conmutó del vencimiento.###Excesos permitiendo al sentimiento ~~~que alterar pueden la región más pura,~~~su fiel consorte revocar procura ~~~fatales leyes con quejoso acento.###El alma que en los dos se dividía,~~~despedida del uno y otro pecho ~~~en este mármol vive, en él porfía.###Nueva vida infundir al tronco helado,~~~del dolor persuadida sin provecho ~~~a unir lo que la muerte ha separado.	pecho	provecho	provecho	cssdo	pecho	provecho	provecho
37461	d8494e106	GutierreDeCetina_186	Luz que en el fuego vivo, en el tormento	GutierreDeCetina	Gutierre de Cetina	M	ND	1.0	1.0	Luz que en el fuego vivo, en el tormento ~~~mayor que se haya visto entre mortales,~~~ardéis mi corazón con ansias tales ~~~que en medio de su mal vive contento;###si las partes que en vos escribo y siento ~~~a vuestro merecer no son iguales,~~~excúseme con vos mis propios males,~~~que embarazan el flaco entendimiento.###Y si no puede haber cosa que sea ~~~igual a lo que sois, ¿cómo podría ~~~mostraros comparando al que no vea?,###salvo pintando un bien la fantasía ~~~con la imaginación, cual lo desea ~~~y cual os pinta agora el alma mía.	tormento	contento	contento, siento, entendimiento	cssdo	tormento	contento	contento, sentir, entendimiento
22179	d9064e166	Cervantes_51	Que de un lacá la fuerza poderó-	Cervantes	Cervantes	M	ND	10.0	3.0	Que de un lacá la fuerza poderó-~~~hecha a machamarti con el trabá-~~~de una fregó le rinda el estropá-,~~~es de los cie no vista maldició-.###Amor el ar en sus pulgares to-,~~~sacó una fle de su puli carcá-,~~~encaró al co, y diome una flechá-,~~~que el alma to y el corazón me do-.###Así rendí, forzado estoy a cre-~~~cualquier mentí de aquesta helada pu-,~~~que blandamen me satisface y hie-.###¡Oh de Cupí la antigua fuerza y du-,~~~cuánto en el ros de una fregona pue-,~~~y más si la sopil se muestra cru-!	pu	du	du, cru	cssdo	pu	du	du, cru
55519	d6608e151	LopeDeVega_131	Suena el azote, corredor Apolo,	LopeDeVega	Lope de Vega	M	ND	8.0	2.0	Suena el azote, corredor Apolo,~~~sobre el carro que a Géminis alinda,~~~que falta para ver a mi Lucinda,~~~de tu carrera un paralelo sólo.###Dafnes te espera en el opuesto polo,~~~que puede ser que su dureza rinda,~~~y a mí la imagen más hermosa y linda,~~~que ha visto el Panteón, ni el Mauseolo.###Si quieres ver, para que no te admires,~~~la razón que me esfuerza a que la quiera,~~~mira su rostro, aunque es grande osadía.###Mas ay, sol envidioso, no la mires,~~~que no llegando al Indio, que te espera,~~~harás eterno de esta ausencia el día.	Mauseolo	 	Apolo, sólo, polo	cssdo	mauseolo	 	apolo, sólo, polo
64143	d4493e166	LopeDeVega_666	Di, Lucinda, el honor y el ser honrada	LopeDeVega	Lope de Vega	M	ND	10.0	3.0	Di, Lucinda, el honor y el ser honrada ~~~no corresponde al intentado hecho ~~~ni cabe en la nobleza de mi pecho ~~~ser donde hay que pensar determinada.###Buena razón. Más vale poca o nada;~~~que el pecho que de amor está deshecho,~~~rompiendo por las leyes del derecho ~~~a su albedrío hace el alma osada.###¿A qué honor, a qué honra o señorío ~~~no has hecho, niño Amor, hacer mudanza ~~~del pecho más honrado y más prudente?###¡Oh, amor gigante; oh, caudaloso río,~~~que si de madre sales no hay pujanza ~~~que resista el caudal de tu corriente!	mudanza	pujanza	pujanza	cssdo	mudanza	pujanza	pujanza
32839	d6918e160	FranciscoDeLaTorre_6	¡O nuevo ardid! ¡O misteriosa maña!	FranciscoDeLaTorre	Francisco de La Torre	M	ND	9.0	3.0	¡O nuevo ardid! ¡O misteriosa maña!~~~del amor grande, ciego, y prevenido,~~~pues el Cetro del Rey más ofendido,~~~porque al herir se rompa, le hace caña.###Y tú, ¡o hueca! si el viento te enmaraña,~~~¿cómo en la tempestad no te has torcido?~~~Caña, te hizo el arroyo en que has nacido;~~~coral, el mar de sangre que te baña.###Vana, porque te planta, te ve el cielo,~~~crecida, porque llegas a su palma,~~~seca, porque mis lágrimas son hielo.###¡O Amor! es tu red caña, por más calma,~~~yo pondré, pues mi yerro fue el anzuelo,~~~la vida por cedal, por pez, el Alma.	cielo	hielo	hielo, anzuelo	cssdo	cielo	hielo	hielo, anzuelo
65742	d4707e142	LopeDeVega_770	Horas feas leona mi leona	LopeDeVega	Lope de Vega	M	ND	7	2.0	Horas feas leona mi leona~~~sierpe de Limia llena de ira y saña,~~~horas feas cruel toro de España ~~~que bebe el Tajo y las riberas mora.###Hora de sol la Circe encantadora ~~~y el cocodrilo que llorando engaña,~~~más flaca y débil que la tierna caña:~~~Hora sirena que cantando llora.###Que León, Sierpe, Circe, Toro, Fiera,~~~cocodrilo cruel, caña, Sirena:~~~en pena, en vida, en muerte, en gloria quiero ###darte mi alma de cualquier manera,~~~que más vale por ti tormento y pena,~~~que de otra mano el bien del mal que muero.	caña	 	saña, España, engaña	cssdo	caña	 	saña, españa, engañar
60797	d6164e172	LopeDeVega_449	Cuando lo que he de ser me considero,	LopeDeVega	Lope de Vega	M	ND	11.0	3.0	Cuando lo que he de ser me considero,~~~¿cómo de mi bajeza me levanto?~~~y si he de imaginarme tal espanto,~~~¿por qué me desvanezco y me prefiero?###¿Qué solicito, qué pretendo y quiero,~~~siendo guerra el vivir y el nacer llanto?~~~¿por qué este polvo vil estimo tanto,~~~si de él tan presto dividirme espero?###Si en casa que se deja, nadie gasta,~~~pues pierde lo que en ella se reparte,~~~¿qué loco engaño mi quietud contrasta?###Vida breve y mortal, dejad el arte,~~~que a quien se ha de partir tan presto, basta ~~~lo necesario, en tanto que se parte.	contrasta	basta	gasta, basta	cssdo	contrastar	bastar	gastar, bastar
59903	d6210e145	LopeDeVega_391	Perdiose el hijo eterno de María,	LopeDeVega	Lope de Vega	M	ND	7.0	2.0	Perdiose el hijo eterno de María,~~~si Dios pudo perderse, que en la tierra ~~~es menester ser Dios, el que no yerra,~~~buscó, hallole José al tercer día.###O a la tercera noche, que no hay día,~~~ausente Dios, en quien la luz se encierra ~~~¡o dichoso cuidado, cuya guerra ~~~paz en buscar y hallar a Dios tenía!###Luz de la luz mayor José ha sido,~~~o ya porque consigo al llevaba,~~~o ya porque la halló cuando escondida.###Y si es que pudo Dios estar perdido,~~~José a descubrírnosle bastaba ~~~con su fe, con su amor, o con su vida.	guerra	 	tierra, yerra, encierra	cssdo	guerra	 	tierra, ir, encerrar
52551	d1337e106	LopeDeVega_1127	Altos montes nevados, que aun apenas	LopeDeVega	Lope de Vega	M	ND	1.0	1.0	Altos montes nevados, que aun apenas ~~~la verde hierba descubrí tres meses,~~~de cuyos jabalíes y monteses ~~~cabras tengo estas altas puertas llenas;###pinos, que mientras sois del mar entenas,~~~de alba escarcha os vestís blancos arneses;~~~fuentes, que por los pies de estos cipreses ~~~corréis en jaspes y laváis arenas;###Selvas oscuras, donde sólo el nombre ~~~de aquella que Narciso amar solía,~~~hace al pastor que su respuesta asombre,###muy buenos sois para gozar un día;~~~mas para la mujer, fuera del hombre,~~~no ha hecho el cielo alegre compañía.	apenas	llenas	llenas, entenas, arenas	cssdo	apenas	lleno	lleno, enteno, arena
19769	d5252e160	BernardinoDeRebolledo_29	En nuestra edad el más ferviente afecto	BernardinoDeRebolledo	Bernardino de Rebolledo	M	ND	9.0	3.0	En nuestra edad el más ferviente afecto ~~~Fabio que la flaqueza humana atiza,~~~como no se alimenta de ceniza ~~~accidente perece sin sujeto.###Y reprimido no será de efecto,~~~más si la negligencia le autoriza,~~~y sus atrevimientos solemniza,~~~a la razón le perderá el respeto.###Es de la juventud muy floreciente ~~~objeto deleitable la hermosura,~~~que grandes bienes le dispone o males.###Más la vejez inútil y cadente ~~~sólo ha de contemplar la sepultura,~~~y los premios y penas inmortales.	floreciente	cadente	cadente	cssdo	floreciente	cadente	cadente
668	d333e311	s021g_0038	El Monte excelso que la blanca Aurora	disco_021g	Juan Francisco Andrés	M	17	4.0	2.0	El Monte excelso que la blanca Aurora ~~~con trémulos cambiantes argentaba,~~~cuya sublime cumbre dibujaba ~~~los dos collados donde Apolo mora;###fúnebre eclipse su esplendor desdora,~~~tanto que cuantas plantas albergaba ~~~oscura densidad las emboscaba,~~~hurtando a Febo la porción que ignora;###pero en vano se oponen sombras frías ~~~a empañar de su cima los verdores,~~~si han de brillar amenas lozanías;###y mal pueden ceder a los horrores,~~~pues a pesar del tiempo, y de los días ~~~de sus cenizas nacerán las flores	ignora	 	Aurora, mora, desdora	disco	ignorar	 	aurora, mora, desdor
37306	d101e187	GutierreDeCetina_176	Pues todavía queréis ir mis suspiros	GutierreDeCetina	Gutierre de Cetina	M	ND	13.0	4.0	Pues todavía queréis ir mis suspiros ~~~do siempre soléis ser tan mal tratados,~~~trabajad de llegar disimulados,~~~quizá con tal ardid querrán oíros.###Sabe Amor si quisiera hora seguiros ~~~para ver si osaréis ser tan osados;~~~mas, ¿para qué?, si van dos mil cuidados ~~~míos allá, tras vos, para serviros.###Si os llegáis, al llegar, con la osadía ~~~que hora partís de mí, decidle manso:~~~«Señora, piedad, ¿por qué tan fiera?»###Mas si, como he temor, de sí os desvía,~~~básteos darle a entender con un descanso ~~~cómo el verme sin él hace que muera.	descanso	 	manso	cssdo	descanso	 	manso
16183	d6906e124	AntonioHurtadoDeMendoza_9	Amar quiero sin premio, y nunca puedo	AntonioHurtadoDeMendoza	Hurtado de  Mendoza,  Antonio	M	ND	4.0	1.0	Amar quiero sin premio, y nunca puedo ~~~que amar es premio; padecer querría,~~~y el dolor tanto agrada al alma mía ~~~que de este gusto escrupuloso quedo.###Apetezco morir y en el denuedo ~~~hallo nueva razón de cobardía,~~~que huyo del mal, y toma la osadía ~~~la parte del vivir, la voz del miedo.###Si vivo, mi dolor desacredito;~~~si muero y amo, el alma lo condena,~~~que uno es comodidad y otro delito.###¡Oh novedad de más desdicha ajena ~~~que vida sobre a un mal, que es infinito,~~~y no baste el morir para una pena!	quedo	denuedo	puedo, denuedo, miedo	cssdo	quedar	denuedo	poder, denuedo, miedo
49723	d6260e139	JuanDeTassisYPeralta_6	Esta cuna feliz de tus abuelos,	JuanDeTassisYPeralta	Juan de Tassis y Peralta	M	ND	6.0	2.0	Esta cuna feliz de tus abuelos,~~~si en edad muertos, vivos por memoria,~~~no consta sólo de caduca gloria,~~~afrenta en simétricos modelos.###Porque sus piedras dan envidia y celos ~~~al esplendor de la latina historia,~~~hechos tanto blasón, tanta victoria,~~~templos de Marte y de la fama cielos.###Presas banderas, príncipes vencidos,~~~rotos arneses, yelmos abollados,~~~mármoles son del tiempo no mordidos,###donde con sangre viven trasladados ~~~reinos gloriosamente defendidos,~~~reinos gloriosamente conquistados.	historia	victoria	memoria, gloria, victoria	cssdo	historia	victoria	memoria, gloria, victoria
34958	d6694e145	Gongora_33	Al tramontar del sol, la ninfa mía,	Gongora	Gongora	M	ND	7.0	2.0	Al tramontar del sol, la ninfa mía,~~~de flores despojando el verde llano,~~~cuantas trocaba la hermosa mano,~~~tantas el blanco pie crecer hacía.###Ondeábale el viento que corría ~~~el oro fino con error galano,~~~cual verde hoja del álamo lozano ~~~se mueve al rojo despuntar del día;###mas luego que ciñó sus sienes bellas ~~~de los varios despojos de su falda ~~~(término puesto al oro y a la nieve),###juraré que lució más su guirnalda ~~~con ser de flores, la otra ser de estrellas,~~~que la que ilustra el cielo en luces nueve.	lozano	 	llano, mano, galano	cssdo	lozano	 	llano, mano, galano
8052	d1623e297	s247g_0517	¡Qué lejos está un necio de entenderse!	disco_247g	Gregorio Silvestre	M	16	4.0	1.0	¡Qué lejos está un necio de entenderse!~~~¡Qué cerca un majadero de enojarse!~~~¡Qué pesado es un torpe en atajarse!~~~¡y qué liviano un simple de correrse!###El uno es imposible conocerse,~~~el otro no hay querer desengañarse,~~~y así no puede el necio adelgazarse,~~~que todo es para más entorpecerse.###Al fin se han de tratar con presupuesto,~~~que son en defender su desatino ~~~más zafios y más tiesos que un villano ###Mas si el más sabio de ellos es un cesto,~~~y no hay poder meterlos en camino,~~~dejarlos por quien son es lo más sano.	correrse	conocerse	entenderse, enojarse, atajarse, conocerse, desengañarse, adelgazarse, entorpecerse	disco	correr	conocer	entender, enojar, atajar, conocer, desengañar, adelgazar, entorpecer
28670	d4029e133	FernandoDeHerrera_233	Si fuera esta la misma de belleza	FernandoDeHerrera	Fernando de Herrera	M	ND	5.0	2.0	Si fuera esta la misma de belleza ~~~luz que mi dulce rey pintó serena,~~~juzgando lo que siento de mi pena,~~~pensara en ella ver vuestra grandeza;###mas tanta gloria y bien mortal flaqueza ~~~no admite, y del deseo me condena,~~~que Amor no sufre, oh celestial sirena,~~~ni sufre veros cerca vuestra alteza.###Y es justo; que si viera de otra suerte,~~~creciera con tal ímpetu mi llama,~~~que mis cenizas fueran los despojos.###Mas, oh dichoso yo si de tal muerte ~~~acabara; que el fuego que me inflama,~~~cual fénix me avivara en vuestros ojos.	flaqueza	alteza	belleza, grandeza, alteza	cssdo	flaqueza	alteza	belleza, grandeza, alteza
38800	d10039e139	GutierreDeCetina_49	Del más subido ardor, del más precioso	GutierreDeCetina	Gutierre de Cetina	M	ND	6.0	2.0	Del más subido ardor, del más precioso ~~~olor de gloria y del más alto grado,~~~nació en mi alma el mal de su cuidado,~~~antes no, sino el bien de su reposo.###Mi mal nació de allí fiero y rabioso,~~~a mi bien sin igual, igual en grado;~~~razón en mi dolor se ha transformado,~~~y el dolor sin razón está quejoso.###¿A quién se dio jamás, pues, tal tormento?~~~¿Dónde se vio decir que un mal tan alto ~~~venga envuelto en un bien que par no tiene?###Amor, gracias te doy por lo que siento:~~~razón sobra al dolor, y de ella falto,~~~teme el honroso mal que de ti viene.	grado	transformado	grado, cuidado, transformado	cssdo	grado	transformar	grado, cuidado, transformar
37111	d6718e193	GutierreDeCetina_163	Carbón, si dar favor suele fortuna	GutierreDeCetina	Gutierre de Cetina	M	ND	14.0	4.0	Carbón, si dar favor suele fortuna ~~~a un fuerte corazón determinado;~~~¿quién como tú jamás fue tan osado ~~~en cuanto rodea el sol y ve la luna?###¿Quién tuvo, di, jamás razón alguna ~~~para quejarse, como tú, del hado,~~~viniendo así a perder, por desdichado,~~~una ocasión tan alta y oportuna?###Mas ¿qué digo perder?, si acometiste ~~~gozar del mayor bien que hay en el cielo,~~~que ya el acometer fue gran ventura.###Pero ¿cómo, Carbón, si te encendiste,~~~en medio de tu ardor quedaste un hielo?~~~¿Pudo más su beldad que tu locura?	locura	 	ventura	cssdo	locura	 	ventura
39178	d9376e139	GutierreDeCetina_73	¿Qué alteración es ésta, Amor, que siento?	GutierreDeCetina	Gutierre de Cetina	M	ND	6.0	2.0	¿Qué alteración es ésta, Amor, que siento?~~~¿De dónde viene en mí tan gran mudanza?~~~Si muero de temor, esta esperanza ~~~que tengo, ¿sobre qué funda su asiento?###Si no quiero mi mal ni lo consiento,~~~¿por qué tengo del bien desconfianza?~~~Si el uso de razón el seso alcanza,~~~¿cómo se ciega así el entendimiento?###Y si una mutación tan repentina ~~~natura la aborrece, ¿cómo vivo?;~~~un sujeto tan flaco, ¿en qué se esfuerza?###Mas, ¡ay!, que pues tormenta tan contina ~~~no se amansa, es señal que el hado esquivo ~~~quiere mostrar en mí toda su fuerza.	desconfianza	alcanza	mudanza, esperanza, alcanza	cssdo	desconfianza	alcanzar	mudanza, esperanza, alcanzar
20594	d2237e184	BocangelYUnzueta_33	Noble ciudad, de reyes coronada,	BocangelYUnzueta	Bocangel y Unzueta	M	ND	13.0	4.0	Noble ciudad, de reyes coronada,~~~firme a la clara luz de dos fortunas:~~~por glorias llenas de menguantes lunas,~~~después por soles godos ilustrada.###Desde hoy contemplo que una y otra espada ~~~en manos de los tiempos serán unas,~~~y vencerán las fuerzas importunas,~~~del olvido y la envidia no domadas.###Aclamárate el sol, firme y famosa,~~~en cuanta arena besa y lame espuma,~~~pues el cisne mejor hoy te ha cantado.###¡Oh, a luces dos, Granada victoriosa!~~~Por fama, vuelas en tan alta pluma,~~~por firme, estás sobre el mayor collado.	pluma	 	espuma	cssdo	pluma	 	espuma
59015	d7752e139	LopeDeVega_333	Al pie del jaspe de un feroz peñasco	LopeDeVega	Lope de Vega	M	ND	6.0	2.0	Al pie del jaspe de un feroz peñasco ~~~pelado por la fuerza del estío,~~~dosel de un verde campo, tan sombrío,~~~que contra Febo le sirvió de casco.###Damón con su rabel, y al lado el frasco,~~~para cantar mejor en desafío,~~~y Tirsi, claro honor de nuestro río,~~~con un violín de cedro de Damasco.###Juez Elisio, que de un verde probo ~~~a falta de laurel premio tejía,~~~céfiro hizo de los ecos robo.###Mas cuando Tirsi comenzar quería,~~~ladró Melampo, y dijo Antandro, al lobo:~~~y el canto se quedó para otro día.	desafío	río	estío, sombrío, río	cssdo	desafío	río	estío, sombrío, río
21904	d9486e169	Cervantes_33	Salve, varón famoso, a quien fortuna,	Cervantes	Cervantes	M	ND	11.0	3.0	Salve, varón famoso, a quien fortuna,~~~cuando en el trato escuderil te puso,~~~tan blanda y cuerdamente lo dispuso,~~~que lo pasaste sin desgracia alguna.###Ya la azada o la hoz poco repuna ~~~al andante ejercicio; ya está en uso ~~~la llaneza escudera, con que acuso ~~~al soberbio, que intenta hollar la luna.###Envidio a tu jumento y a tu nombre,~~~y a tus alforjas igualmente envidio,~~~que mostraron tu cuerda providencia.###Salve otra vez, ¡oh Sancho!, tan buen nombre,~~~que sólo a ti nuestro español Ovidio ~~~con buzcorona te hace reverencia.	providencia	reverencia	reverencia	cssdo	providencia	reverencia	reverencia
71951	d665e166	LuisDeUlloaYPereira_44	Llego de la tinieblas reducido	LuisDeUlloaYPereira	Luis de Ulloa y Pereira	M	ND	10	3.0	Llego de la tinieblas reducido ~~~a ti, Deidad que alumbras los mortales,~~~mal borradas del rostro las señales ~~~no bien del cautiverio redimido.###Y la soberbia imagen de Cupido,~~~fingida en el mejor de los metales,~~~arrojo despreciada a tus umbrales,~~~por glorioso trofeo del olvido.###Si llegare a tu Templo el dueño hermoso,~~~que despreciando los aplausos míos,~~~adora otros ingratos pensamientos.###El ídolo le muestra fabuloso,~~~tan venerado de mis desvaríos,~~~tan ultrajado de mis escarmientos.	míos	desvaríos	desvaríos	cssdo	mío	desvarío	desvarío
64390	d5638e124	LopeDeVega_683	Cayose un escarpín de la derecha	LopeDeVega	Lope de Vega	M	ND	4.0	1.0	Cayose un escarpín de la derecha ~~~mano (que de la izquierda importa poco)~~~a la señora Blanca, y amor loco ~~~a dos fidalgos disparó la flecha.###Éranse dos leones en la estrecha ~~~cárcel, que ya lo fue de África el zoco,~~~cuando a sus puertas, que temblando toco,~~~bajan los dos el día de la fecha.###Dijo el amor que fue el amor bastante ~~~para probar amantes corazones,~~~estando el Rey de Portugal delante.###Y yo digo que en tales ocasiones ~~~oler al ámbar fino pudo el guante,~~~mas no de los fidalgos los calzones.	flecha	estrecha	derecha, estrecha, fecha	cssdo	flecha	estrecho	derecha, estrecho, fecha
47085	d6586e106	JuanDeJauregui_9	Jamás por larga ausencia, amada Flora,	JuanDeJauregui	Jauregui,  Juan de	M	ND	1.0	1.0	Jamás por larga ausencia, amada Flora,~~~sentir podrá mi fe mudanza alguna,~~~bien que me engolfe y lleve la Fortuna ~~~por la remota mar hircana o mora.###Si en cada espuma que levanta agora,~~~brillando el agua al rayo de la luna,~~~naciesen Venus ciento, y cada una ~~~fuese de un nuevo Amor engendradora,###y éstos y aquéllas, con igual denuedo,~~~cuidasen aumentar el fuego mío,~~~ni se aumentara, ni mi fe creciera.###Y aunque de acrecentalla desconfío,~~~vivo en eterno afán, porque no puedo ~~~quereros tanto como yo quisiera.	Flora	mora	mora, agora, engendradora	cssdo	flora	moro	moro, agora, engendradora
83428	d3315e181	Quevedo_69	Aminta, si a tu pecho y a tu cuello	Quevedo	Quevedo	M	ND	12	4.0	Aminta, si a tu pecho y a tu cuello ~~~esa fénix preciosa a olvidar viene ~~~la presunción de única que tiene,~~~en tu rara belleza podrá hacello.###Si viene a mejorar, sin merecello ~~~de incendio (que dichosamente estrene),~~~hoguera de oro crespo la previene ~~~el piélago de luz en tu cabello.###Si varias de muerte y de elemento ~~~quiere, y morir en nieve, la blancura ~~~de tus manos la ofrece monumento.###Si quieres más eterna sepultura,~~~si ya no fuese eterno nacimiento,~~~con mi envidia la alcance en tu hermosura.	sepultura	hermosura	blancura, hermosura	cssdo	sepultura	hermosura	blancura, hermosura
21974	d945e193	Cervantes_38	Huye el rigor de la invencible mano,	Cervantes	Cervantes	M	ND	14.0	4.0	Huye el rigor de la invencible mano,~~~advertido, y enciérrase en el arca ~~~de todo el mundo el general monarca ~~~con las reliquias del linaje humano.###El dilatado asilo, el soberano ~~~lugar rompe los fueros de la Parca,~~~que entonces, fiera y licenciosa, abarca ~~~cuanto alienta y respira el aire vano.###Vense en la excelsa máquina encerrarse ~~~el león y el cordero, y en segura ~~~paz. la paloma al fiero halcón unida;###sin ser milagro, lo discorde amarse:~~~que en el común peligro y desventura ~~~la natural inclinación se olvida.	olvida	 	unida	cssdo	olvidar	 	unido
55196	d7320e139	LopeDeVega_129	De este mi grande amor y el poco tuyo	LopeDeVega	Lope de Vega	M	ND	6.0	2.0	De este mi grande amor y el poco tuyo ~~~no tengo culpa yo, tengo la pena,~~~que a tu naturaleza en todo ajena ~~~juntarse dos contrarios atribuyo.###Este mi amor y tu desdén arguyo ~~~de aquel humor que de una misma vena,~~~de dulce y agrio fruto el ramo enllena,~~~siendo una tierra, un agua, el tronco el suyo.###Veo la cera y veo el barro al fuego,~~~ésta ablandarse, aquél endurecerse,~~~que uno se rinde y otro se resiste.###Y con igual afecto miro luego,~~~siendo una causa amor para encenderse,~~~que si me enternecí, te endureciste.	vena	enllena	pena, ajena, enllena	cssdo	vena	enllenar	pena, ajeno, enllenar
43089	d2015e148	JuanaInesDeLaCruz_25	Inés, cuando te riñen por Bellaca,	JuanaInesDeLaCruz	Juana Ines de La Cruz	F	ND	8.0	2.0	Inés, cuando te riñen por Bellaca,~~~para disculpas, no te falta Achaque ~~~porque dices, que traque, y que Barraque ~~~con que sabes muy bien tapar la Caca.###Si coges la palabra, no hay Urraca,~~~que así la gorja de mal año Saques~~~y con tronidos, más que un triqui Traque,~~~a todo el Mundo aturdes, cual Matraca.###Este bullicio todo lo Trabuca,~~~este embeleco todo lo Embeleca,~~~más, aunque eres (Inés) tan mala Cuca,###sabe mi amor muy bien lo que se Peca,~~~y así con tu afición no se Embabuca,~~~aunque eres Zancarrón, y yo de Meca.	Matraca	 	Bellaca, Achaque, Barraque, Caca, Urraca, Traque	cssdo	matraca	 	bellaca, achaque, barraque, caca, urraca, traque
15676	d9496e172	AntonioEnriquezGomez_24	Diestro piloto, en el bajel errante	AntonioEnriquezGomez	Antonio Enriquez Gomez	M	ND	11.0	3.0	Diestro piloto, en el bajel errante ~~~el mundo llevas por región undosa.~~~Marinero primero, que reposa ~~~en cristalinos golfos de Levante.###¿Con qué aguja gobiernas el triunfante ~~~cisne de pino en fábrica espantosa?~~~¿Qué Bitácora rara, y poderosa,~~~descubre el Norte en líneas de diamante?###¿Quién tu velamen rige proceloso?~~~¡Quién el timón de leño más valiente,~~~imán de tanto piélago ambicioso?###¡Mas ay! Varón perfecto y excelente,~~~si te guía impulso poderoso,~~~¿cómo se ha de alterar ningún tridente?	ambicioso	poderoso	proceloso, poderoso	cssdo	ambicioso	poderoso	proceloso, poderoso
15412	d8518e187	AgustinDeSalazarYTorres_6	Este, que a breve mármol reducido,	AgustinDeSalazarYTorres	Agustin de Salazar y Torres	M	ND	13.0	4.0	Este, que a breve mármol reducido,~~~lágrimas solicita, si no horrores,~~~si a duración atiende, si a esplendores,~~~fue cometa veloz, fue sol lucido.###Tributo a fatal golpe dio debido,~~~porque dejase en fúnebres rigores,~~~entre acciones humanas superiores,~~~su valor de divino desmentido.###Quejas de la virtud tiene la vida,~~~pues causa fue su perfección temprana ~~~de evitarle más años, por ociosos.###¡Oh pira, a noble fénix construida!~~~Pues sol te mira en cumbre soberana,~~~desmientan ya sus hechos generosos.	soberana	 	temprana	cssdo	soberano	 	temprano
12695	d1373e329	s375g_0845	Corrida de ofreceros plata y oro,	disco_375g	Duque de Osuna y Conde de Ureña	M	16	1.0	3.0	Corrida de ofreceros plata y oro,~~~porque a vuestro valor más se debía,~~~aqueste nuevo don hoy os envía ~~~la India, de su fe rico tesoro ###Es el cuerno de aquel soberbio toro ~~~que con tanto furor la perseguía,~~~en tierra sepultada su osadía,~~~lleno de flores por el sacro coro ###Y para presentarle a vuestra alteza,~~~entre fértiles vegas, ha escogido ~~~la de fruta y de flor más abundante ###Y aunque es humilde don a tal grandeza,~~~siendo de vos, Señor, favorecido,~~~hasta los hombros llegará de Atlante	alteza	grandeza	grandeza	disco	alteza	grandeza	grandeza
56603	d9442e130	LopeDeVega_178	Montes se ensalzan y dilatan ríos,	LopeDeVega	Lope de Vega	M	ND	5.0	2.0	Montes se ensalzan y dilatan ríos,~~~señora, entre los dos, mas por momento~~~vuelan a ti mis dulces pensamientos,~~~que dijera mejor mis desvaríos.###Por altas sierras, por extremos fríos ~~~dejan atrás los animosos vientos,~~~aunque llevan consigo mis tormentos,~~~con ser tan graves los tormentos míos.###Si de mi vida con su luz reparte ~~~tu sol los días, cuando verte intente,~~~qué importa que me acerque o que me aparte.###Donde quiera se ve su hermoso oriente,~~~pues, si se ve desde cualquier parte,~~~quien es mi sol no puede estar ausente.	fríos	míos	ríos, desvaríos, míos	cssdo	frío	mío	río, desvarío, mío
69776	d2543e187	LopeDeZarate_44	Hermosa es lo de menos con ser tanto;	LopeDeZarate	Lope de Zarate	M	ND	13	4.0	Hermosa es lo de menos con ser tanto;~~~que a tu virtud es deuda la hermosura,~~~tan naturalizada la cordura,~~~que viene a ser de admiración espanto.###Debe a tu perfección la envidia llanto,~~~que a su aspereza vence tu blandura,~~~y aunque el mérito propio te asegura,~~~¡o cuánto a tu beldad se opone, o cuánto!###Opóngase Violante que vencida ~~~como de tu virtud, de tu belleza,~~~quedará para estatua de tu gloria.###Aunque puedes matarla, dale vida;~~~que ella misma dirá tu fortaleza;~~~pues adorno será de tu victoria.	fortaleza	 	belleza	cssdo	fortaleza	 	belleza
36	d607e333	s002g_0003	Quien las graves congojas huir desea,	disco_002g	Benito Arias Montano	M	16	1.0	3.0	Quien las graves congojas huir desea,~~~de que está vuestra vida siempre llena,~~~ame la soledad quieta y amena,~~~donde las ocasiones nunca vea.###En ella de paciencia se provea ~~~contra los pensamientos que dan pena,~~~y de memoria del morir, que es buena ~~~para defensa de cualquier pelea ###Mas el que está de amor apasionado,~~~no piense estando solo remediarse,~~~ni con paciencia ni acordar de muerte;###porque la causa trae de su cuidado ~~~dentro en sí, y mientras más quiere alejarse,~~~la fuerza de amor siente muy más fuerte.	apasionado	cuidado	cuidado	disco	apasionado	cuidado	cuidado
67507	d6948e133	LopeDeVega_886	Leonardo ilustre, valeroso armífero,	LopeDeVega	Lope de Vega	M	ND	5	2.0	Leonardo ilustre, valeroso armífero,~~~contra el fiero cismático y herético ~~~y contra el falso alárabe profético,~~~alférez fuerte, capitán belífero.###Tú que el pendón católico y cristífero ~~~has puesto sobre el muro mahomético,~~~honrando al suelo vandalino y bético ~~~de ingenios y armas fuerte y salutífero.###Si a Carlos Quinto, príncipe invictísimo,~~~la fama llega de tu esfuerzo bélico,~~~verás de premios un inmenso cúmulo.###Serás en vida espléndido y riquísimo ~~~y en muerte como a mílite evangélico,~~~dos mil banderas honrarán el túmulo.	cristífero	salutífero	armífero, belífero, salutífero	cssdo	cristífero	salutífero	armífero, belífero, salutífero
9365	d1715e348	s295g_0617	La rosa en los cristales de una fuente	disco_295g	Pedro Castro y Anaya	M	17	2.0	4.0	La rosa en los cristales de una fuente ~~~flor a flor todo el prado desafía;~~~hermosa en plumas de carmín se abría ~~~a ser narciso en el cristal luciente ###Y cuando más purpúrea y floreciente ~~~en copas de rubí perlas bebía,~~~del achaque de un sol, del mal de un día,~~~murió: que aun la hermosura en flores miente ###¡Oh flor!, el primer paso de tu vida ~~~fue el último también que pudo darte,~~~antes escarmentada que nacida ###¡Oh documento de la humana suerte!~~~¡Oh verdad de los campos escondida!~~~¿Quién no se desengaña con tu muerte?	escondida	 	vida, nacida	disco	escondido	 	vida, nacido
9002	d13e351	s288g_0592	Esta que guarda cándida ceniza,	disco_288g	Jacinto Polo de Medina	M	17	2.0	4.0	Esta que guarda cándida ceniza,~~~tanto valor, Fajardo, en urna breve,~~~despojos mudos de la muerte aleve ~~~que la fama retórica eterniza,###hoy su pompa su máquina eterniza,~~~tierna piedad que a un pecho heroico mueve,~~~y pagando a su sangre lo que debe ~~~su fin dichoso encanto solemniza ###Renueva el sentimiento la memoria ~~~de tanto puesto sol, que en luz fecundo ~~~viven -aunque murió- sus resplandores ###Que es bien que corresponda a eterna gloria ~~~otro nuevo dolor, para que el mundo ~~~una pérdida cueste dos dolores	mundo	 	fecundo	disco	mundo	 	fecundo
2134	d57e269	s081g_0142	Habéis echado el sello a nuestra ciencia	disco_081g	Bartolomé Sánchez	M	17	2.0	1.0	Habéis echado el sello a nuestra ciencia ~~~con tal sublime obra, buen Silvano,~~~diciendo del ilustre Altamirano ~~~el valor, cristiandad y la paciencia ###Infalible verdad fue la pendencia ~~~que Ramos tuvo con el luterano;~~~vengó al Pastor la poderosa mano,~~~dándonos a entender su omnipotencia ###Que al humilde levanta y le da loa,~~~y al soberbio arrogante echa por tierra;~~~estilo del Señor muy ordinario.###Recibe de mi mano, buen Balboa,~~~este soneto criollo de la tierra,~~~en señal de que soy su tributario.	Silvano	Altamirano	Altamirano, luterano, mano	disco	silvano	altamirano	altamirano, luterano, mano
34312	d4758e122	GarcilasoDeLaVega_34	Gracias al cielo doy que ya del cuello	GarcilasoDeLaVega	Garcilaso de La Vega	M	ND	3.0	1.0	Gracias al cielo doy que ya del cuello ~~~del todo grave yugo he sacudido,~~~y que del viento el mar embravecido ~~~veré desde la tierra sin temello.###Veré colgada de un sutil cabello ~~~la vida del amante embebecido ~~~en su error, y en su engaño adormecido,~~~sordo a las voces que le avisan de ello.###Alegrárame el mal de los mortales;~~~mas no es mi corazón tan inhumano ~~~en aqueste mi error como parece,###porque yo luego, como huelga el sano,~~~no de ver a los otros en los males,~~~sino de ver que de ellos él carece.	embravecido	embebecido	sacudido, embebecido, adormecido	cssdo	embravecido	embebecido	sacudir, embebecido, adormecido
27977	d8168e166	FernandoDeHerrera_188	Tú, que en la tierna flor de edad luciente,	FernandoDeHerrera	Fernando de Herrera	M	ND	10.0	3.0	Tú, que en la tierna flor de edad luciente,~~~Jerónimo moriste, y apartado ~~~de los tuyos, el piélago sagrado ~~~honraste con tu cuerpo eternamente,###recibe, no de mármol excelente ~~~dino sepulcro, del mortal cuidado ~~~breve gloria, do al fin yace olvidado,~~~mas lágrimas de triste amor ardiente.###Recibe esta memoria de mi pena,~~~que te será perpetua por ventura,~~~pequeña prenda del amor estrecho.###Tú gozas de la pura luz serena,~~~tú tienes todo el mar por sepultura ~~~y siempre eterno vives en mi pecho.	ventura	sepultura	sepultura	cssdo	ventura	sepultura	sepultura
61880	d1277e166	LopeDeVega_519	Protógenes, después de conocida	LopeDeVega	Lope de Vega	M	ND	10.0	3.0	Protógenes, después de conocida ~~~la mano autora de la línea ausente,~~~dividiola con sombra diferente,~~~de envidia noble la alma enriquecida.###Pero viéndola Apeles dividida ~~~con diversa color, tan diligente ~~~corrió el pincel, que indivisiblemente ~~~dejó la de Protógenes partida.###Muchos desde este centro líneas tiran ~~~a la circunferencia de la esfera,~~~describiendo sus orbes celestiales.###Mas hoy las vuestras, don Ginés, admiran,~~~que sólo el cielo, que cortáis, pudiera ~~~ver con tantas estrellas líneas tales.	esfera	pudiera	pudiera	cssdo	esfera	poder	poder
6366	d791e317	s193g_0411	Los campos de Madrid, Isidro santo,	disco_193g	Antonio López de Vega	M	17	1.0	3.0	Los campos de Madrid, Isidro santo,~~~santifica, llenándolos de cielo,~~~mientras subiendo con glorioso vuelo,~~~parece despreciar lo que ama tanto.###Sustitución, ¡o cuánto puede, o cuánto ~~~más que la acción, contemplativo celo,~~~celeste baja y fertiliza el suelo,~~~que su ardor alentó, regó su llanto.###Activo humor y fervoroso olvido ~~~no sólo fácil dejan al tributo,~~~mas al cielo la tierra semejante ###Así, más labrador adormecido,~~~de gloria allá también coge abundante,~~~sembrando aquí sus lágrimas, el fruto.	olvido	adormecido	adormecido	disco	olvido	adormecido	adormecido
14475	d1251e277	s457g_0972	Mostróme un dedo amor blanco, y hermoso	disco_457g	Damasio de Frías	M	17	3.0	1.0	Mostróme un dedo amor blanco, y hermoso ~~~por entre unas ventanas cierta tarde,~~~no sé si es de la mano por quien arde ~~~mi alma noche y día sin reposo ###Amor como es astuto y cauteloso,~~~cuando ve que me voy hace que aguarde,~~~mostrándome el traidor de tarde en tarde ~~~un dedo, un ojo, un no sé qué gracioso.###Y yo de muy hidalgo y comedido,~~~dándome amor un dedo, me contento ~~~con sólo verlo, y quedo muy ufano ###¡Ay cuán mejor será ser atrevido!~~~que amor no quiere hidalgo encogimiento,~~~sino, si dan el dedo asir la mano.	arde	aguarde	tarde, aguarde, tarde	disco	arder	aguardar	tarde, aguardar, tarde
78264	d4207e145	Quevedo_202	Preso por desvalido y delincuente,	Quevedo	Quevedo	M	ND	7	2.0	Preso por desvalido y delincuente,~~~más pagó la prisión que mi pecado.~~~Yo tengo de señor lo visitado ~~~y del yermo, lo solo y penitente.###No entiendo, ¡vive Cristo!, aquesta gente;~~~mandan que siga, y tiénenme cerrado;~~~lo de a prueba y estése me ha cansado,~~~y el ser el susodicho eternamente.###Siempre me están pidiendo los derechos:~~~conversación que a Bártulo cansara ~~~y a cincuenta letrados barbihechos.###Yo presento testigos cara a cara;~~~mas si pudiera presentar cohechos,~~~el siga como el diablo, se soltara.	cansado	 	pecado, visitado, cerrado	cssdo	cansado	 	pecado, visitar, cerrado
63790	d1453e118	LopeDeVega_643	Subid sin miedo ¡ay, dulces pensamientos!	LopeDeVega	Lope de Vega	M	ND	3.0	1.0	Subid sin miedo ¡ay, dulces pensamientos!~~~al mismo sol, pues la esperanza os guía;~~~que el pájaro, donde es pequeño el día,~~~dispone el vuelo a penetrar los vientos.###No os parezcan soberbios mis intentos ~~~si la altura que veis os desconfía,~~~que quien tan altas pretensiones cría ~~~sabrá sufrir más ásperos tormentos.###No os ofenda el caer por levantados;~~~hijos del alma sois, tan bien nacidos,~~~que estáis a hazañas tales obligados.###Yo quiero que perdáis por atrevidos,~~~pues no dirá que sois mal empleados ~~~quien se burlare de que vais perdidos.	día	desconfía	guía, desconfía, cría	cssdo	día	desconfiar	guía, desconfiar, cría
34144	d2449e110	GarcilasoDeLaVega_22	Con ansia extrema de mirar qué tiene	GarcilasoDeLaVega	Garcilaso de La Vega	M	ND	1.0	1.0	Con ansia extrema de mirar qué tiene ~~~vuestro pecho escondido allá en su centro,~~~y ver si a lo de fuera lo de dentro ~~~en apariencia y ser igual conviene,###en él puse la vista; mas detiene ~~~de vuestra hermosura el duro encuentro ~~~mis ojos, y no pasan tan adentro,~~~que miren lo que el alma en sí contiene.###Y así, se quedan tristes en la puerta ~~~hecha por mi dolor, con esa mano,~~~que aun a su mismo pecho no perdona;###donde vi claro mi esperanza muerta,~~~y el golpe que os hizo amor en vano ~~~non esservi passato oltra la gona.	tiene	conviene	conviene, detiene, contiene	cssdo	tener	convenir	convenir, detener, contener
8711	d313e276	s278g_0572	No puede darme Amor mayor tormento,	disco_278g	Gaspar Gil Polo	M	16	2.0	1.0	No puede darme Amor mayor tormento,~~~ni la fortuna hacer mayor mudanza;~~~no hay alma con tan poca confianza,~~~ni corazón en penas tan contento.###Hácelo, Amor, que esfuerza el flaco aliento,~~~porque baste a sufrir mi malandanza,~~~y no deja morir con la esperanza ~~~la vida, la afición, ni el sufrimiento ###¡Ay, vano corazón! ¡Ay, ojos tristes!~~~¿Por qué en tan largo tiempo y tanta pena ~~~nunca se acabó el llanto ni la vida?###¡Ay, lástimas! ¿No os basta lo que hicistes,~~~Amor? ¿Por qué no aflojas mi cadena,~~~si en tanta libertad dejaste a Alcida?	mudanza	confianza	confianza, malandanza, esperanza	disco	mudanza	confianza	confianza, malandanza, esperanza
80605	d4651e106	Quevedo_354	Por la cumbre de un monte levantado,	Quevedo	Quevedo	M	ND	1	1.0	Por la cumbre de un monte levantado,~~~mis temerosos pasos, triste, guío;~~~por norte llevo sólo mi albedrío,~~~y por mantenimiento, mi cuidado.###Llega la noche, y hállome engañado,~~~y sólo en la esperanza me confío;~~~llego al corriente mar de un hondo río:~~~ni hallo barca ni puente, ni hallo vado.###Por la ribera arriba el paso arrojo;~~~dame contento el agua con su ruido;~~~mas en verme perdido me congojo.###Hallo pisadas de otro que ha subido;~~~párome a verlas; pienso con enojo ~~~si son de otro, como yo, perdido.	levantado	cuidado	cuidado, engañado, vado	cssdo	levantado	cuidado	cuidado, engañar, vado
4773	d815e364	s165g_0327_04	Por sólo despicarme de tu juego	disco_165g	Esteban Manuel de Villegas	M	17	3.0	4.0	Por sólo despicarme de tu juego ~~~honro a Diana, sacrifico a Ceres;~~~no más, Amor, no más, pesado eres,~~~ciego te amé, ya miro que estás ciego ###En daño tuyo, y en mi bien alego ~~~un año de ilusión, pocos placeres;~~~mas que no sufrirá, quien da a mujeres ~~~dormida la razón, despierto el ruego.###Góceme esta heredad, líbreme el soto ~~~en su espesura cada mes un ciervo ~~~y tú, rapaz, gobierna tu venera ###Que si el mundo se holgara con mi voto,~~~yo le dijera lo que en mí reservo:~~~y al fin dijera, que el desdén muriera.	muriera	 	venera	disco	morir	 	venerar
69033	d1045e151	LopeDeVega_987	Divina fuente perenal, de donde	LopeDeVega	Lope de Vega	M	ND	8	2.0	Divina fuente perenal, de donde ~~~proviene cuanto bien el hombre tiene,~~~supuesto que aunque ve que de vos viene,~~~ingrato a vuestras obras corresponde.###Las maravillas que ese pecho esconde,~~~las partes y grandezas que contiene,~~~al hombre, al ángel en pensar detiene ~~~lo que sólo de vos, a vos responde.###Ramiro estaba aquí lejos del mundo;~~~llamole el mundo allá; mas no bastara ~~~sin vuestra voluntad con lazos varios.###Hacedle, gran Señor, David segundo;~~~que si vuestro poder el suyo ampara,~~~vencerá con paciencia sus contrarios.	responde	 	donde, corresponde, esconde	cssdo	responder	 	donde, corresponder, esconder
45458	d4435e145	JuanDeAlmeida_25	Tiernas, frescas, suaves, dulces flores	JuanDeAlmeida	Juan de Almeida	M	ND	7.0	2.0	Tiernas, frescas, suaves, dulces flores ~~~cogidas de la más hermosa rama ~~~que jamás vido el sol, porque se inflama ~~~todo el campo aspirando sus olores.###Venid mostrando ya vuestros primores ~~~al triste corazón que os ama y llama,~~~pues por vos el más alto albor desama ~~~no al menos sino al más de los mejores.###Venid flores al tiempo acostumbrado,~~~para mí no se vuelva primavera ~~~el otoño sin flor, marchito, helado.###Mas, flores, si venís, sea de manera ~~~que en flores no se vaya el fruto amado,~~~pues sólo gozar de él esta alma espera.	desama	 	rama, inflama, llama	cssdo	desamar	 	rama, inflamar, llamar
14434	d1977e298	s454g_0969	Los campos de Madrid, Isidro santo,	disco_454g	Antonio de Silva	M	17	2.0	2.0	Los campos de Madrid, Isidro santo,~~~no cura de surcar con el arado,~~~que este oficio a los Ángeles ha dado,~~~porque él con ruegos los cultive en tanto.###El exceso de amor en Dios es tanto,~~~que con él su atributo a conmutado,~~~pues si de arar el cielo hace cuidado,~~~Isidro es cielo en fecundar con llanto.###Pues estos campos para más consuelo ~~~orando riega Isidro, Dios los ara,~~~dejad, valle de lágrimas, el luto ###Que exhaló Dios las suyas hasta el cielo,~~~y allá de los trabajos nos prepara,~~~sembrando aquí sus lágrimas, el fruto.	conmutado	cuidado	arado, dado, cuidado	disco	conmutado	cuidado	arado, dar, cuidado
37370	d3595e145	GutierreDeCetina_17	Al tiempo que Leandro vio la estrella,	GutierreDeCetina	Gutierre de Cetina	M	ND	7.0	2.0	Al tiempo que Leandro vio la estrella,~~~dulce farol del alma suya y muerte,~~~que Hero puesto había por la suerte ~~~para él tan desdichada y para ella,###el pecho puso al agua, que era vella ~~~espanto, en su tormenta tanto fuerte.~~~«No quieras -dice-, ¡oh mar!, embravecerte.~~~Aplaca, ¡oh dios Neptuno!, el furor de ella.»###Mas poco rato va su luz siguiendo,~~~y siempre con las olas peleando,~~~alzó su flaca voz, triste, muriendo.###«¡Oh Hero y alma mía! -iba diciendo-,~~~no canses tu deseo, y desperando,~~~despídome de ti, para ti yendo.»	embravecerte	 	muerte, suerte, fuerte	cssdo	embravecer	 	muerte, suerte, fuerte
51433	d9594e169	LopeDeVega_1053	Amor seis años ha que me has jurado	LopeDeVega	Lope de Vega	M	ND	11.0	3.0	Amor seis años ha que me has jurado ~~~pagarme aquella deuda en plazos breves,~~~mira que nunca pagas lo que debes,~~~que esto sólo no tienes de hombre honrado.###Muchas veces en pajas me has pagado,~~~que de mal pagador cuanto te atreves,~~~que todo es viento, y esperanzas leves,~~~cuanto me rinde en fruto mi cuidado.###Amor hoy llega el plazo, el punto es hecho~~~si en palabras me traes, y con engaños,~~~que te echaré en la cárcel temo y dudo.###Mas que podré cobrar amor, si has hecho~~~pleito de acreedores por mil años,~~~y en buscando tu hacienda estás desnudo.	dudo	desnudo	desnudo	cssdo	durar	desnudo	desnudo
19346	d8656e145	BaltasarDeAlcazar_18	Cercada está mi alma de contrarios;	BaltasarDeAlcazar	Alcázar,  Baltasar del	M	ND	7.0	2.0	Cercada está mi alma de contrarios;~~~la fuerza, flaca; el castellano, loco;~~~el presidio, infiel, bisoño y poco;~~~ninguno los pertrechos necesarios;###los socorros que espero, voluntarios,~~~porque ni los merezco ni provoco;~~~tan desvalido que aun a Dios no invoco,~~~porque mis consejeros andan varios.###Los combates, continuos, y la ofensa;~~~los enemigos, de ánimo indomable;~~~rotas por todas partes la muralla.###Nadie quiere acudir a la defensa...~~~¿Qué hará el castellano miserable ~~~que en tanto estrecho y confusión se halla?	invoco	 	loco, poco, provoco	cssdo	invocar	 	loco, poco, provocar
52498	d6590e124	LopeDeVega_1123	Si fui más luz que el sol, si mi nación,	LopeDeVega	Lope de Vega	M	ND	4.0	1.0	Si fui más luz que el sol, si mi nación,~~~la patria celestial, reinó sin fin;~~~si por la pompa cedro de Sethín;~~~si por la altura alcázar de Sión;###si por ciencia, divino Salomón;~~~si por belleza, Aurora de jazmín;~~~si por naturaleza, Querubín;~~~si Dios por pensamiento y presunción;###¿cómo temo que ya pena me den ~~~los verdes campos del segundo Adán,~~~aunque sembrados de su mano estén?###Mas ¡ay! que con razón pena me dan,~~~pues siembra Dios el trigo de Belén ~~~en tierra virgen para darles pan.	Sión	Salomón	nación, Salomón, presunción	cssdo	sión	salomón	nación, salomón, presunción
61095	d8002e139	LopeDeVega_469	Tiraban Dios y el hombre al blanco un día	LopeDeVega	Lope de Vega	M	ND	6.0	2.0	Tiraban Dios y el hombre al blanco un día ~~~flechas de amor y de crueldad tirana,~~~por ver quien de los dos el premio gana,~~~que atado a un árbol el rigor tenía.###Dios que del blanco lo que Dios sabía,~~~tiraba con destreza soberana,~~~erraba el hombre con malicia humana,~~~porque la mira contra Dios ponía.###Era de entrambos Sebastián el cierto ~~~blanco en un tronco, donde ramas hechas ~~~las flechas le dejaron tan cubierto.###Que puesto que a matarle iban derechas,~~~quedó de Dios, y no del hombre muerto,~~~que en las flechas de Dios rompió sus flechas.	soberana	humana	tirana, gana, humana	cssdo	soberano	humano	tirano, ganar, humano
58447	d239e145	LopeDeVega_297	Yo Bragadero, valenzuela en raza,	LopeDeVega	Lope de Vega	M	ND	7.0	2.0	Yo Bragadero, valenzuela en raza,~~~diestro como galán de entrambas sillas,~~~en la barbada naguas amarillas,~~~aciago un martes perfumé la plaza.###Del balcón al toril con linda traza ~~~daba por los toritos carrerillas,~~~y andábame después por las orillas,~~~como suelen los príncipes, a caza;###pero mi dueño, la vaqueta alzada,~~~a un hosco acometió con valentía ~~~a pagar de mi panza desdichada.###Porque todos, al tiempo que corría,~~~dijeron que era nada, y fue cornada:~~~mal haya el hombre que de cuernos fía.	orillas	 	sillas, amarillas, carrerillas	cssdo	orilla	 	silla, amarillo, carrerilla
80532	d3215e181	Quevedo_349	Cifra de cuanta gloria y bien espera,	Quevedo	Quevedo	M	ND	12	4.0	Cifra de cuanta gloria y bien espera,~~~por premio de su fe y de su tormento,~~~el que para adorar tu pensamiento ~~~de sí se olvidará hasta que muera,###reforma tu aspereza brava y fiera ~~~a oír lo menos del dolor que siento:~~~dale, señora, al tierno sentimiento ~~~en ese pecho ya lugar cualquiera.###Pues mi remedio está sólo en tu mano,~~~antes que del dolor la fuerza fuerte ~~~del aliento vital prive a Silvano,###intento muda, porque de otra suerte ~~~llegará tarde, y procurarse ha en vano ~~~a tanto mal remedio sin la muerte.	suerte	muerte	fuerte, muerte	cssdo	suerte	muerte	fuerte, muerte
14523	d491e319	s459g_0975	Declina Febo en su mayor altura,	disco_459g	Fernando de Moscoso Osorio	M	17	1.0	3.0	Declina Febo en su mayor altura,~~~porque es pensión de la mayor grandeza,~~~se pone el Sol, no muere, pues empieza ~~~a dar nuevo esplendor a la criatura ###De nuestra Reina el Sol en su luz pura,~~~llegó a la Alteza, pues nos dio una Alteza;~~~noche fue el riesgo de mortal tristeza,~~~mas como es Sol, no muere, antes le apura.###Ocio juzgó el vivir, quien dio tal vida;~~~nuestro amor lo miró como importante,~~~no pudo ser un próspero homicida.###Prospere el cielo ese valor Gigante,~~~porque quien dio una gloria tan cumplida,~~~prosiga en darnos uno, y otro infante.	vida	homicida	homicida, cumplida	disco	vida	homicida	homicida, cumplido
73658	d4798e172	PantaleonDeRibera_1	Poca, Diego, soy tinta, bien que debe	PantaleonDeRibera	Pantaleón de  Ribera,  Anastasio	M	ND	11	3.0	Poca, Diego, soy tinta, bien que debe ~~~en esa tinta poca a tu pintura ~~~tanto espíritu docta mi figura,~~~cuanto pudo admitir lámina breve.###A ser eterna aun más por sí se atreve,~~~que por la fe de su materia dura,~~~otra vez animada criatura ~~~luces a tu pincel mi aliento debe.###Por ti vuelvo a vivir, la imagen bella ~~~que en la paciencia heroica de tu mano ~~~quedó vocal, lo dice peregrina.###Tanta inmortalidad me adquiero en ella,~~~que entre el uno y el otro ser humano,~~~sólo al primero temo mi ruina.	peregrina	ruina	ruina	cssdo	peregrino	ruina	ruina
26507	d9210e160	FcodeBorjaYAragonPrincipeEsquilache_91	Años, del tiempo fugitiva parte,	FcodeBorjaYAragonPrincipeEsquilache	Fcode Borja	M	ND	9.0	3.0	Años, del tiempo fugitiva parte,~~~que es lo mismo alcanzaros, que perderos,~~~pues huís de las dichas tan ligeros,~~~y no hay quien de los males os aparte.###¡Que mal vuestra jornada se reparte!~~~Pues los antiguos célebres guerreros ~~~hoy vieran preferidos sus aceros ~~~de industrias viles, con engaño, y arte.###Quien llama consejeros a los días,~~~y los aciertos libra en su tardanza,~~~no advierte sus caducas tiranías.###Y vive dependiente la esperanza ~~~del logro de tan breves alegrías:~~~que las da, y las conserva la mudanza.	días	tiranías	tiranías, alegrías	cssdo	día	tiranía	tiranía, alegría
82160	d3621e106	Quevedo_454	Rogarla, desdeñarme; amarla, hundirme;	Quevedo	Quevedo	M	ND	1	1.0	Rogarla, desdeñarme; amarla, hundirme;~~~seguirla, defenderse; asirla, airarse;~~~querer y no querer dejar tocarse ~~~y a persuasiones mil mostrarse firme;###tenerla bien, probar a desasirme;~~~luchar entre mis brazos y enojarse;~~~besarla a su pesar y ella agraviarse;~~~probar, y no poder, a despedirse;###decirse agravios, reprenderse el gusto ~~~y, en fin, a baterías de mi prisa,~~~dejar el ceño, no mostrar disgusto,###consentir que le aparte la camisa,~~~hallarlo limpio y encajarlo justo:~~~esto es amor y lo demás es risa.	hundirme	firme	firme, desasirme	cssdo	hundir	firme	firme, desasir
22878	d3793e145	DiegoHurtadoDeMendoza_19	El Escudo de Aquiles, que bañado	DiegoHurtadoDeMendoza	Diego Hurtado de Mendoza	M	ND	7.0	2.0	El Escudo de Aquiles, que bañado ~~~en la sangre de Héctor, con afrenta ~~~de Grecia y Asia fue mal entregado ~~~a Ulises, por varón de mayor cuenta.###Sobre el sepulcro de Ayax fue hallado;~~~que Ulises, levantándose tormenta,~~~entre las otras tropas lo había echado ~~~en la mar, por dejar la nave exenta.###Alguno, visto el nuevo acaecimiento,~~~dijo, quizá movido en su conciencia:~~~«¡Oh juez sin razón ni fundamento!###«Que el conocido error de tu imprudencia ~~~vean la ciega fortuna y ciego viento,~~~y el loco mar entienda tu sentencia».	echado	 	bañado, entregado, hallado	cssdo	echar	 	bañado, entregar, hallar
33465	d1837e193	FranciscoDeMedrano_3	Veré al tiempo tomar de ti, señora,	FranciscoDeMedrano	Francisco de Medrano	M	ND	14.0	4.0	Veré al tiempo tomar de ti, señora,~~~por mí venganza, hurtando tu hermosura;~~~veré el cabello vuelto en nieve pura,~~~que el arte y juventud encrespa y dora.###Y en vez de rosas, con que tiñe ahora ~~~tus mejillas la edad, ¡ay!, mal segura ~~~lilios sucederán en la madura,~~~que el pesar quiten y la envidia a Flora.###Mas cuando a tu belleza el tiempo ciego ~~~los filos embotaré, y el aliento ~~~a tu boca hurtaré soberana,###bullir verás mi herida, arder el fuego;~~~que ni muere la llama, calmo el viento,~~~ni la herida, embotado el hierro, sana.	sana	 	soberana	cssdo	sano	 	soberano
76804	d5316e193	Quevedo_108	¡Oh cuánta majestad! ¡Oh cuánto numen,	Quevedo	Quevedo	M	ND	14	4.0	¡Oh cuánta majestad! ¡Oh cuánto numen,~~~en el tercer Filipo, invicto y santo,~~~presume el bronce que le imita! ¡Oh cuánto ~~~estos semblantes en su luz presumen!###Los siglos reverencian, no consumen,~~~bulto que igual adoración y espanto ~~~mereció amigo y enemigo, en tanto ~~~que de su vida dilató el volumen.###Osó imitar artífice toscano ~~~al que a Dios imitó de tal manera,~~~que es, por rey y por santo, soberano.###El bronce, por su imagen verdadera,~~~se introduce en reliquia, y éste, llano,~~~en majestad augusta reverbera.	reverbera	 	manera, verdadera	cssdo	reverberar	 	manera, verdadero
70798	d4297e133	LuisCarrilloySotomayor_21	Escuadrones de estrellas temerosas	LuisCarrilloySotomayor	Luis Carrilloy Sotomayor	M	ND	5	2.0	Escuadrones de estrellas temerosas ~~~desamparan el cielo, de corridas ~~~en ver que sólo no han de ser vencidas ~~~del sol, cual antes, o de frescas rosas.###Ya las ligeras horas presurosas ~~~oro crecen al carro, y encendidas ~~~perlas les da el Oriente más subidas ~~~por afrentar a las de Celia hermosas.###Cual a su dueño el prado lisonjera ~~~victoria ofrece y esperanzas vanas ~~~en su color y en el laurel que cría.###Salió mi bello Oriente a sus ventanas:~~~parose el sol vencido en su carrera,~~~y fue más largo por mi Celia el día.	presurosas	hermosas	temerosas, rosas, hermosas	cssdo	presuroso	hermoso	temeroso, rosa, hermoso
18062	d9987e118	ArgensolaBartolome_79	El nombre, oh Cintia, que en el tiempo dura,	ArgensolaBartolome	Argensola	M	ND	3.0	1.0	El nombre, oh Cintia, que en el tiempo dura,~~~que estima jaspes y epitafios ama,~~~adoraréle yo en mi sacra llama ~~~cobra esplendor para la edad futura;### que ya, sin esperar mi sepultura,~~~con opinión anticipada fama ~~~a la prudente sencillez inflama,~~~¿quién sabe si a la horrenda envidia apura?### Trocadas pues las veces en mi suerte,~~~a mis posteridades sobrevivo.~~~Mas si en tu aprobación no me renuevo,### del culto de las artes ¿qué recibo?~~~a la naturaleza ¿qué le debo?~~~¿qué importan las promesas de la muerte?	llama	fama	ama, fama, inflama	cssdo	llamar	fama	amar, fama, inflamar
4845	d39e283	s165g_0328_04	Vela el cuidado, y el amor desvela,	disco_165g	Esteban Manuel de Villegas	M	17	2.0	1.0	Vela el cuidado, y el amor desvela,~~~y aunque de ambos a dos es la porfía,~~~tienes por más ligera tiranía ~~~la que ejercita amor, que mata y vuela.###No la que ahora del cuidado anhela ~~~en la, que te frecuenta, vejez fría,~~~ay, ay, quien te dijera en algún día ~~~que habías de sentir tanto la espuela ###Cuando mostrabas de azucena, fruta,~~~la tez bruñida, o como sin cuidado ~~~de mí solicitabas tus placeres,###déjame pues, que si te quise hermosa,~~~ya no es posible, puesto que has llegado ~~~a tiempo, que a ti misma no te quieres.	porfía	tiranía	tiranía, fría, día	disco	porfía	tiranía	tiranía, fría, día
27068	d1281e172	FernandoDeHerrera_128	Yo vi en sazón alegre un tierno pecho	FernandoDeHerrera	Fernando de Herrera	M	ND	11.0	3.0	Yo vi en sazón alegre un tierno pecho ~~~ufano dulcemente con mi pena,~~~y que anudarnos pudo en su cadena ~~~el ya cortés amor con lazo estrecho.###Yo veo el bien que tuve ya deshecho,~~~y mi segura fe de cuitas llena,~~~y que el ingrato en impío afán condena ~~~a quien halla en su agravio satisfecho.###Yo vi que no fui indigno de la gloria ~~~que en su rigor me usurpa la mudanza,~~~y en sombra del olvido ya me veo.###Entristézcome siempre en la memoria,~~~desfallezco medroso en la esperanza,~~~y al fin pierdo la vida en el deseo.	veo	deseo	pecho, estrecho, deshecho, satisfecho, deseo	cssdo	ver	deseo	pecho, estrecho, deshecho, satisfecho, deseo
27123	d2833e166	FernandoDeHerrera_131	Si yo puedo vivir de vos ausente,	FernandoDeHerrera	Fernando de Herrera	M	ND	10.0	3.0	Si yo puedo vivir de vos ausente,~~~fálteme siempre el bien y ofenda al cielo,~~~y al débil cuerpo mío en leve vuelo ~~~la alma, suelte del peso, no sustente.###Si puedo respirar sin el presente ~~~vigor de vuestra luz, el impío suelo,~~~lleno de eterna sombra y desconsuelo,~~~entre el perdido número me cuente.###Si padezco doliente y apartado,~~~si se enajena el bien que en vos tenía,~~~¿Por qué no rompe el pecho esta mudanza?###Si muero do se pierde mi cuidado,~~~a mis ojos Amor ¿por qué no envía ~~~un solo rayo dulce de esperanza?	tenía	envía	envía	cssdo	tener	enviar	enviar
26993	d4345e139	FernandoDeHerrera_123	La muerte pido, un corazón amante	FernandoDeHerrera	Fernando de Herrera	M	ND	6.0	2.0	La muerte pido, un corazón amante ~~~vos me entregáis, y me dejáis ausente ~~~de las bellas lazadas de oro ardiente ~~~y del sereno y celestial semblante.###¿Por qué no temo pues el mal instante,~~~aunque sus rayos Marte ya clemente ~~~contraiga, si el dolor que está presente ~~~cansa el pecho en sus lástimas constante?###Este afán no esperado, esta partida ~~~el errante furor enciende fiero,~~~no el trabajo cruel de enferma suerte.### Tal me hallo en la ausencia aborrecida,~~~que el dado corazón fue triste agüero ~~~al duro cierto riesgo de la muerte.	clemente	presente	ausente, ardiente, presente	cssdo	clemente	presente	ausente, ardiente, presente
74393	d9518e106	PedroEspinosa_12	Como el triste piloto que por el mar incierto	PedroEspinosa	Pedro Espinosa	M	ND	1	1.0	Como el triste piloto que por el mar incierto ~~~se ve con turbios ojos sujeto de la pena ~~~sobre las corvas olas, que, vomitando arena,~~~lo tienen de la espuma salpicado y cubierto,###cuando, sin esperanza, de espanto medio muerto ~~~ve el fuego de Santelmo lucir sobre la antena,~~~y, adorando su lumbre, de gozo el alma llena,~~~halla su nao cascada surgida en dulce puerto,### así yo el mar surcaba de penas y de enojos,~~~y, con tormenta fiera, ya de las aguas hondas ~~~medio cubierto estaba, la fuerza y luz perdida,###cuando miré la lumbre, ¡oh, Virgen!, de tus ojos,~~~con cuyos resplandores, quietándose las ondas,~~~llegué al dichoso puerto donde escapé la vida.	incierto	cubierto	cubierto, muerto, puerto	cssdo	incierto	cubierto	cubierto, muerto, puerto
28519	d2307e151	FernandoDeHerrera_223	¡Oh, cómo vuela en alto mi deseo	FernandoDeHerrera	Fernando de Herrera	M	ND	8.0	2.0	¡Oh, cómo vuela en alto mi deseo ~~~sin que su osadía el mal fin tema!~~~Que ya las puntas de sus alas quema ~~~donde ningún remedio al triste veo.###Que mal podrá alabarse del trofeo,~~~si estando ufano en la región suprema ~~~del fuego ardiente, en esta banda extrema ~~~cae por su siniestro devaneo.###Debía en mi fortuna ser ejemplo ~~~Dédalo, no aquel joven atrevido ~~~que dio al cerúleo piélago su nombre.###Mas ya tarde mis lástimas contemplo,~~~pero sí muero, porque osé, perdido.~~~Jamás a igual empresa osó algún hombre.	devaneo	 	deseo, veo, trofeo	cssdo	devaneo	 	deseo, ver, trofeo
60031	d1243e166	LopeDeVega_39	Halló Baco la parra provechosa,	LopeDeVega	Lope de Vega	M	ND	10.0	3.0	Halló Baco la parra provechosa,~~~Ceres el trigo, Glauco el hierro duro,~~~los de Lidia el dinero mal seguro,~~~Casio la estatua en ocasión famosa,###Apis la medicina provechosa,~~~Marte las armas y Nemrot el muro,~~~Scitia el cristal, Galacia el ámbar puro,~~~y Polignoto la pintura hermosa.###Triunfos Libero, anillos Prometeo,~~~Alejandro papel, llaves Teodoro,~~~Radamanto la ley, Roma el gobierno,###Palas vestidos, carros Ericteo,~~~la plata halló Mercurio, Cadmo el oro,~~~Amor el fuego y celos el infierno.	Teodoro	oro	oro	cssdo	teodoro	oro	oro
64990	d8404e139	LopeDeVega_721	Justas quejas que derramaba al viento,	LopeDeVega	Lope de Vega	M	ND	6.0	2.0	Justas quejas que derramaba al viento,~~~en ofensa de amor, Clarinda mía,~~~sin ver que padecer por vos corría ~~~a cuenta de tan gran merecimiento.###De haberos agraviado me arrepiento ~~~en no estimar el mal que padecía;~~~que como vuelve el sol la noche en día,~~~vuelve vuestro valor, gloria el tormento.###Quejábame de ver, contra mi fama,~~~preso por loco el seso, y, en efecto,~~~conozco que a su premio Amor me llama.###Prisión es justa; que ningún discreto ~~~puede probar que es cuerdo mientras ama ~~~o confesar que no es su amor perfecto.	padecía	día	mía, corría, día	cssdo	padecer	día	mía, correr, día
48940	d8050e145	JuanDeTassisYPeralta_202	Tú que con mancha ilustre en clara espada,	JuanDeTassisYPeralta	Juan de Tassis y Peralta	M	ND	7.0	2.0	Tú que con mancha ilustre en clara espada,~~~campeón de Cristo y de la patria fuiste,~~~cuando en bárbara sangre la teñiste,~~~de gente al rey y al cielo rebelada;###y de impulsos celantes tu fe armada ~~~glorioso a Marte adverso te opusiste,~~~tal que en ambas fortunas conseguiste ~~~próspera adversidad, gloria envidiada.###Cual con la espada, logra con la pluma ~~~trofeos, y el aplauso de tu gloria ~~~dé la virtud corona, el cielo palmas.###Sumo el honor, y la fatiga suma ~~~en la segunda y no menor victoria ~~~el cielo sólo premie triunfo de almas.	conseguiste	 	fuiste, teñiste, opusiste	cssdo	conseguir	 	ir, teñiste, opusistar
34429	d6134e151	Gongora_103	Con poca luz y menos disciplina	Gongora	Gongora	M	ND	8.0	2.0	Con poca luz y menos disciplina ~~~(al voto de un muy crítico y muy lego)~~~salió en Madrid la Soledad, y luego ~~~a Palacio con lento pie camina.###Las puertas le cerró de la Latina ~~~quien duerme en español y sueña en griego,~~~pedante golfo, que, de pasión ciego,~~~la suya reza, y calla la divina.###Del viento es el pendón pompa ligera;~~~no hay paso concedido a mayor gloria,~~~ni voz que no la acusen de extranjera.###Gastando, pues, en tanto la memoria ~~~ajena envidia más que propia cera,~~~por el Carmen la lleva a la Victoria.	divina	 	disciplina, camina, Latina	cssdo	divino	 	disciplina, caminar, latina
20627	d6976e124	BocangelYUnzueta_36	Ese de la amistad indicio raro,	BocangelYUnzueta	Bocangel y Unzueta	M	ND	4.0	1.0	Ese de la amistad indicio raro,~~~ígneo docto, palacio de Agustino,~~~que a ser espejo, más que riesgo, vino,~~~pues salió de peligro, siendo claro,###lisonja es contra Esculapio avaro;~~~cuando, más que el humor fiero y maligno,~~~niega al incendio opuesto cristalino ~~~y hace al rigor de más rigor reparo.###Si repitiere (¡oh nunca!) el accidente,~~~que el cuerpo, aun menos que el temor, inflama,~~~y receláis el elemento al labio.###Pues vaso de elección sois eminente,~~~que hoy refriega la temida llama:~~~templad la fiebre, imagen de su agravio.	claro	avaro	raro, avaro, reparo	cssdo	claro	avaro	raro, avaro, reparo
5935	d1277e322	s181g_0388_17	Contábame mi abuela, buen siglo haya,	disco_181g	Juan de Salinas	M	17	4.0	2.0	Contábame mi abuela, buen siglo haya,~~~que yendo a una misión un teatino,~~~caballero en un prójimo pollino,~~~se sentó el animal, como una maya,###y se sentó en medio de un pantano;~~~y que el Padre con mucha melodía:~~~Arre, Deo gratias, arre, le decía:~~~arre, arre, Deo gratias, oye hermano;###y el bellaco del asno, viendo el modo,~~~se estaba rellenando en medio el lodo ~~~Pasó por allí acaso un arriero,###vio la flema del Padre misionero,~~~y llegando al hermano en el cogote ~~~cuatro muertos le dio con un garrote.	hermano	 	pantano	disco	hermano	 	pantano
65604	d475e151	LopeDeVega_761	Voy a la muerte huyendo de la vida,	LopeDeVega	Lope de Vega	M	ND	8	2.0	Voy a la muerte huyendo de la vida,~~~dulce señora mía, de tal suerte ~~~que la memoria de volver a verte,~~~desconfiado, la esperanza olvida.### Ya no es posible que consuelo pida ~~~a tu crueldad, porque el rigor me advierte ~~~que quien allá no pudo enternecerte,~~~¿qué podrá ausente y la ocasión perdida?### Esa joya te envío, no te espantes ~~~de que, partiendo en lágrimas deshecho,~~~me retrate en firmezas semejantes.### Por ser el dios de Amor ponle en el pecho ~~~por ver si puede Amor hecho en diamantes ~~~romper un pecho de diamantes hecho.	perdida	 	vida, olvida, pida	cssdo	perdido	 	vida, olvidar, pedir
17557	d4583e160	ArgensolaBartolome_45	¿Cómo podrá premiar el bajo suelo,	ArgensolaBartolome	Argensola	M	ND	9.0	3.0	¿Cómo podrá premiar el bajo suelo,~~~subjeto al corto término de vida,~~~obra tan encumbrada y tan subida ~~~que a su fin principal no abarca el cielo?###El premio, pues (divino Ponce), délo ~~~el que, bajo accidentes de comida,~~~a tus manos se rinde y te convida ~~~con el disfraz del delicado velo.###Que tu sutil labor y heroico estilo,~~~donde (cual muro oculto) so la yedra ~~~más con su fortaleza reverdece,###o cual bajo la cera está el pabilo,~~~en rica guarnición la árabe piedra,~~~estando Dios, no sé qué más merece.	estilo	pabilo	suelo, cielo, délo, velo, pabilo	cssdo	estilo	pabilo	suelo, cielo, délo, velo, pabilo
45960	d8074e187	JuanDeArguijo_1	De ciega oscuridad y horror cubierta	JuanDeArguijo	Arguijo,  Juan de	M	ND	13.0	4.0	De ciega oscuridad y horror cubierta ~~~está la tierra, en tanto que el hermano ~~~de la silvestre diosa sale ufano ~~~del rojo Oriente por la ebúrnea puerta.###Ante sus ojos ve la muerte cierta ~~~el piloto en el piélago inhumano ~~~mas dando el viento a sus deseos la mano ~~~en vida trueca la esperanza muerta.###Tras la importuna guerra se consigue ~~~para dichosos años paz segura.~~~Tú, pues en medio de tus males fía;###que al fin es cosa cierta que se sigue ~~~tras la tormenta, guerra, noche oscura,~~~buen tiempo, dulce paz, alegre día.	oscura	 	segura	cssdo	oscuro	 	seguro
40575	d5700e118	HernandodeAcunya_75	En su fiera grandeza confiando,	HernandodeAcunya	Hernandode Acunya	M	ND	3.0	1.0	En su fiera grandeza confiando,~~~los ánimos tan altos levantaban ~~~los gigantes de Flegra, que esperaban ~~~de vencer a los dioses guerreando;###y contra el alto cielo, no dudando,~~~las belicosas máquinas alzaban,~~~y a comenzar el hecho ya se estaban ~~~con superbo furor aparejando;### cuando Júpiter, esto conociendo,~~~luego quiso que fuesen castigados ~~~del bestial movimiento de su guerra,###y con rayos el aire oscureciendo,~~~después de todos ser despedazados,~~~con ellos abrasó toda la tierra.	esperaban	alzaban	levantaban, alzaban, estaban	cssdo	esperar	alzar	levantar, alzar, estar
40890	d6280e187	JosephDeLitalaYCastelvi_109	Aunque Segundo fuiste (o Rey) primero	JosephDeLitalaYCastelvi	Joseph de Litala y Castelvi	M	ND	13.0	4.0	Aunque Segundo fuiste (o Rey) primero ~~~en la Fe, Religión, en la prudencia,~~~y supo cuidadosa tu advertencia ~~~tener en suspensión el mundo entero.###Por caudillo, por justo y por guerrero ~~~Portugal te prestó fiel obediencia,~~~y Lisboa rendida a tu clemencia ~~~te Coronó con muy feliz agüero.###Huyó el Bastardo rotas sus Banderas ~~~el Mondego dejando, y claro Tejo ~~~sus tropas infectaron las Terceras.###El Océano te sirvió de espejo ~~~donde tus huestes tus armadas vieras ~~~y todo lo venció tu gran consejo.	vieras	 	Banderas, Terceras	cssdo	ver	 	banderas, terceras
76899	d409e172	Quevedo_114	Aquí, en las altas sierras de Segura,	Quevedo	Quevedo	M	ND	11	3.0	Aquí, en las altas sierras de Segura,~~~que se mezclan zafir con el del cielo,~~~en cuna naces, líquida, de yelo,~~~y bien con majestad en tanta altura.###Naces, Guadalquivir, de fuente pura,~~~donde de tus cristales, leve el vuelo,~~~se retuerce corriente por el suelo,~~~después que se arrojo por peña dura.###Aquí el primer tributo en llanto envío ~~~a tus raudales, porque a Lisi hermosa ~~~mis lágrimas la ofrezcas con que creces;###mas temo, como a verlas llegas río,~~~que olvide tu corriente poderosa ~~~el aumento que arroyo me agradeces.	creces	agradeces	agradeces	cssdo	creces	agradar	agradar
